step,trunk_x,trunk_y,trunk_z,qw,qx,qy,qz,yaw_deg,camera_z,trunk_z_minus_start_z,camera_z_minus_start_z
1.000000000000000000e+00,1.510684585571289062e+01,4.463977336883544922e+00,4.902744293212890625e-01,2.573055922985076904e-01,1.746650785207748413e-03,-4.864642862230539322e-03,9.663164019584655762e-01,1.501805456488081063e+02,7.408489749747630970e-01,3.186464160680770874e-01,5.692209617215511219e-01
2.000000000000000000e+00,1.510661029815673828e+01,4.465489864349365234e+00,4.914535880088806152e-01,2.546866834163665771e-01,3.207422792911529541e-03,-1.048283278942108154e-02,9.669616222381591797e-01,1.504943213847060974e+02,7.425477578693455705e-01,3.198255747556686401e-01,5.709197446161335954e-01
3.000000000000000000e+00,1.510526752471923828e+01,4.465505123138427734e+00,4.928175806999206543e-01,2.527981996536254883e-01,5.527402274310588837e-03,-1.351881213486194611e-02,9.674088954925537109e-01,1.507222370114000967e+02,7.444638833708572268e-01,3.211895674467086792e-01,5.728358701176452517e-01
4.000000000000000000e+00,1.510270309448242188e+01,4.463896751403808594e+00,4.939115047454833984e-01,2.527115046977996826e-01,8.510268293321132660e-03,-1.249122899025678635e-02,9.674236774444580078e-01,1.507335110836103809e+02,7.460752194758309974e-01,3.222834914922714233e-01,5.744472062226190223e-01
5.000000000000000000e+00,1.509903717041015625e+01,4.462336063385009766e+00,4.953866302967071533e-01,2.534545063972473145e-01,1.331804599612951279e-02,-1.236072648316621780e-02,9.671766757965087891e-01,1.506467489435474079e+02,7.484243083993625811e-01,3.237586170434951782e-01,5.767962951461506060e-01
6.000000000000000000e+00,1.509416866302490234e+01,4.461428165435791016e+00,4.973841905593872070e-01,2.542541027069091797e-01,2.098729088902473450e-02,-1.501161605119705200e-02,9.667932987213134766e-01,1.505565908022888664e+02,7.518727104935429839e-01,3.257561773061752319e-01,5.802446972403310088e-01
7.000000000000000000e+00,1.508853435516357422e+01,4.461079120635986328e+00,4.996849000453948975e-01,2.542374730110168457e-01,2.886041998863220215e-02,-2.011459879577159882e-02,9.665018916130065918e-01,1.505704719233823141e+02,7.556676466381225810e-01,3.280568867921829224e-01,5.840396333849106059e-01
8.000000000000000000e+00,1.508292198181152344e+01,4.461033821105957031e+00,5.018406510353088379e-01,2.532279491424560547e-01,3.303356468677520752e-02,-2.700559608638286591e-02,9.664653539657592773e-01,1.507146120424251308e+02,7.586832652273766131e-01,3.302126377820968628e-01,5.870552519741646380e-01
9.000000000000000000e+00,1.507721900939941406e+01,4.460865020751953125e+00,5.035422444343566895e-01,2.514361739158630371e-01,3.330489993095397949e-02,-3.402361273765563965e-02,9.667022228240966797e-01,1.509563082421437912e+02,7.605589707035379510e-01,3.319142311811447144e-01,5.889309574503259759e-01
1.000000000000000000e+01,1.507124423980712891e+01,4.460312843322753906e+00,5.046106576919555664e-01,2.490587085485458374e-01,3.010909259319305420e-02,-4.009357467293739319e-02,9.671897292137145996e-01,1.512602170101660306e+02,7.611750034067791271e-01,3.329826444387435913e-01,5.895469901535671520e-01
1.100000000000000000e+01,1.506508636474609375e+01,4.459358692169189453e+00,5.049227476119995117e-01,2.462624609470367432e-01,2.329220063984394073e-02,-4.510924965143203735e-02,9.678726792335510254e-01,1.515964587073631265e+02,7.603645819984519161e-01,3.332947343587875366e-01,5.887365687452399410e-01
1.200000000000000000e+01,1.505870532989501953e+01,4.457949161529541016e+00,5.042833685874938965e-01,2.433568686246871948e-01,1.345584075897932053e-02,-4.870342835783958435e-02,9.686199426651000977e-01,1.519194032790155120e+02,7.579840086995095483e-01,3.326553553342819214e-01,5.863559954462975732e-01
1.300000000000000000e+01,1.505192852020263672e+01,4.456095218658447266e+00,5.025153160095214844e-01,2.404411435127258301e-01,2.041144296526908875e-03,-5.082750692963600159e-02,9.693299531936645508e-01,1.522176564910431296e+02,7.540614283828561693e-01,3.308873027563095093e-01,5.824334151296441942e-01
1.400000000000000000e+01,1.504429244995117188e+01,4.454088211059570312e+00,5.000718832015991211e-01,2.377652376890182495e-01,-7.721895352005958557e-03,-5.282421037554740906e-02,9.698545336723327637e-01,1.524815109582598041e+02,7.496609999107834987e-01,3.284438699483871460e-01,5.780329866575715236e-01
1.500000000000000000e+01,1.503512096405029297e+01,4.452332496643066406e+00,4.973650574684143066e-01,2.355035543441772461e-01,-1.179148256778717041e-02,-5.626534670591354370e-02,9.701717495918273926e-01,1.527233276547308662e+02,7.460748284903884198e-01,3.257370442152023315e-01,5.744468152371764447e-01
1.600000000000000000e+01,1.502457046508789062e+01,4.451130867004394531e+00,4.936563372611999512e-01,2.341265231370925903e-01,-1.006284169852733612e-02,-6.255759298801422119e-02,9.701392650604248047e-01,1.528995887145748895e+02,7.426257874279041937e-01,3.220283240079879761e-01,5.709977741746922186e-01
1.700000000000000000e+01,1.501418972015380859e+01,4.451252460479736328e+00,4.947043359279632568e-01,2.340108752250671387e-01,-6.628824397921562195e-03,-6.758206337690353394e-02,9.698596596717834473e-01,1.529420504091092141e+02,7.442758793115247240e-01,3.230763226747512817e-01,5.726478660583127489e-01
1.800000000000000000e+01,1.500576591491699219e+01,4.453386783599853516e+00,5.036661028861999512e-01,2.315478175878524780e-01,-4.661360755562782288e-03,-7.089120894670486450e-02,9.702259898185729980e-01,1.532501878366947210e+02,7.535208832641517862e-01,3.320380896329879761e-01,5.818928700109398111e-01
1.900000000000000000e+01,1.499722099304199219e+01,4.457094192504882812e+00,5.141623616218566895e-01,2.296354621648788452e-01,-7.049161940813064575e-04,-7.475812733173370361e-02,9.704012274742126465e-01,1.535110843966811274e+02,7.646643374834425355e-01,3.425343483686447144e-01,5.930363242302305604e-01
2.000000000000000000e+01,1.498811721801757812e+01,4.460449695587158203e+00,5.240798592567443848e-01,2.289487719535827637e-01,5.563817918300628662e-03,-7.480614632368087769e-02,9.705440402030944824e-01,1.536388307077237130e+02,7.757717425892840524e-01,3.524518460035324097e-01,6.041437293360720773e-01
2.100000000000000000e+01,1.497864246368408203e+01,4.462727546691894531e+00,5.319892764091491699e-01,2.297548055648803711e-01,1.293481700122356415e-02,-7.031556963920593262e-02,9.706191420555114746e-01,1.535815525187275341e+02,7.851755061990810525e-01,3.603612631559371948e-01,6.135474929458690774e-01
2.200000000000000000e+01,1.496912097930908203e+01,4.464059352874755859e+00,5.372826457023620605e-01,2.315715253353118896e-01,1.990938559174537659e-02,-6.201899424195289612e-02,9.706347584724426270e-01,1.533787039619449217e+02,7.918985910159599406e-01,3.656546324491500854e-01,6.202705777627479655e-01
2.300000000000000000e+01,1.495953178405761719e+01,4.465106487274169922e+00,5.402097702026367188e-01,2.336354851722717285e-01,2.688445337116718292e-02,-5.204993486404418945e-02,9.705579280853271484e-01,1.531253805554878795e+02,7.961445116557823720e-01,3.685817569494247437e-01,6.245164984025703969e-01
2.400000000000000000e+01,1.494973087310791016e+01,4.466896533966064453e+00,5.412341952323913574e-01,2.354215681552886963e-01,3.491814434528350830e-02,-4.380648955702781677e-02,9.702774882316589355e-01,1.528982430165724224e+02,7.985037089376665342e-01,3.696061819791793823e-01,6.268756956844545591e-01
2.500000000000000000e+01,1.494005012512207031e+01,4.469764709472656250e+00,5.406851768493652344e-01,2.364218086004257202e-01,4.260718077421188354e-02,-3.865234181284904480e-02,9.699462056159973145e-01,1.527627552490400831e+02,7.991234751351888876e-01,3.690571635961532593e-01,6.274954618819769125e-01
2.600000000000000000e+01,1.493086051940917969e+01,4.473543167114257812e+00,5.389882326126098633e-01,2.367112785577774048e-01,4.841603338718414307e-02,-3.598053008317947388e-02,9.697057008743286133e-01,1.527144233527947392e+02,7.982621373692921907e-01,3.673602193593978882e-01,6.266341241160802156e-01
2.700000000000000000e+01,1.492218685150146484e+01,4.477860450744628906e+00,5.365532636642456055e-01,2.369291186332702637e-01,5.195892229676246643e-02,-3.421068564057350159e-02,9.695331454277038574e-01,1.526763250410069190e+02,7.963144943479409932e-01,3.649252504110336304e-01,6.246864810947290181e-01
2.800000000000000000e+01,1.491396617889404297e+01,4.482251167297363281e+00,5.334842205047607422e-01,2.375164180994033813e-01,5.281996726989746094e-02,-3.172080963850021362e-02,9.694276452064514160e-01,1.525905280956739603e+02,7.933340110664808265e-01,3.618562072515487671e-01,6.217059978132688514e-01
2.900000000000000000e+01,1.490627765655517578e+01,4.486453056335449219e+00,5.297172069549560547e-01,2.383565455675125122e-01,5.009215325117111206e-02,-2.784863859415054321e-02,9.694851636886596680e-01,1.524707310946703558e+02,7.891151226481706304e-01,3.580891937017440796e-01,6.174871093949586554e-01
3.000000000000000000e+01,1.489929485321044922e+01,4.490326881408691406e+00,5.252593755722045898e-01,2.391265034675598145e-01,4.268372058868408203e-02,-2.237342856824398041e-02,9.697918891906738281e-01,1.523591634508674417e+02,7.834470215719073760e-01,3.536313623189926147e-01,6.118190083186954009e-01
3.100000000000000000e+01,1.489279842376708984e+01,4.493788242340087891e+00,5.202253460884094238e-01,2.396950572729110718e-01,3.180316835641860962e-02,-1.477076765149831772e-02,9.702149033546447754e-01,1.522720497543876093e+02,7.764898151234458368e-01,3.485973328351974487e-01,6.048618018702338617e-01
3.200000000000000000e+01,1.488597869873046875e+01,4.497335433959960938e+00,5.150014162063598633e-01,2.398899644613265991e-01,2.324085310101509094e-02,-5.270853638648986816e-03,9.705076217651367188e-01,1.522306128668249983e+02,7.694814266234715205e-01,3.433734029531478882e-01,5.978534133702595454e-01
3.300000000000000000e+01,1.487789726257324219e+01,4.501153469085693359e+00,5.094383955001831055e-01,2.397472560405731201e-01,2.253336459398269653e-02,6.944064982235431671e-03,9.705490469932556152e-01,1.522207389014653813e+02,7.632013922223783720e-01,3.378103822469711304e-01,5.915733789691663969e-01
3.400000000000000000e+01,1.486842823028564453e+01,4.505041122436523438e+00,5.055892467498779297e-01,2.380783259868621826e-01,2.872909978032112122e-02,1.843276247382164001e-02,9.706460833549499512e-01,1.523705891902816063e+02,7.597061521859762578e-01,3.339612334966659546e-01,5.880781389327642827e-01
3.500000000000000000e+01,1.485832309722900391e+01,4.510152339935302734e+00,5.050851702690124512e-01,2.370247989892959595e-01,3.848963230848312378e-02,2.258344180881977081e-02,9.704782366752624512e-01,1.524358287890954102e+02,7.604895413969838813e-01,3.334571570158004761e-01,5.888615281437719062e-01
3.600000000000000000e+01,1.484924888610839844e+01,4.516833782196044922e+00,5.055978894233703613e-01,2.369454354047775269e-01,4.620346799492835999e-02,1.979444734752178192e-02,9.702218174934387207e-01,1.524124884751402362e+02,7.623620808725311004e-01,3.339698761701583862e-01,5.907340676193191253e-01
3.700000000000000000e+01,1.484098243713378906e+01,4.524231910705566406e+00,5.053613185882568359e-01,2.367905974388122559e-01,5.109603703022003174e-02,1.317887473851442337e-02,9.701267480850219727e-01,1.524332521595348169e+02,7.632588744427243332e-01,3.337333053350448608e-01,5.916308611895123581e-01
3.800000000000000000e+01,1.483380031585693359e+01,4.531434535980224609e+00,5.037642717361450195e-01,2.363802641630172729e-01,5.091927945613861084e-02,5.947648081928491592e-03,9.703072905540466309e-01,1.525186325971453698e+02,7.620504862593846518e-01,3.321362584829330444e-01,5.904224730061726767e-01
3.900000000000000000e+01,1.482743549346923828e+01,4.538158416748046875e+00,5.012335181236267090e-01,2.359638065099716187e-01,4.580796509981155396e-02,-5.093414220027625561e-04,9.706815481185913086e-01,1.526208588184470614e+02,7.591012300999910867e-01,3.296055048704147339e-01,5.874732168467791116e-01
4.000000000000000000e+01,1.482155036926269531e+01,4.543834209442138672e+00,4.979001283645629883e-01,2.356338500976562500e-01,3.616717457771301270e-02,-3.939246293157339096e-03,9.711607098579406738e-01,1.527041375456992114e+02,7.544488090168139927e-01,3.262721151113510132e-01,5.828207957636020176e-01
4.100000000000000000e+01,1.481577491760253906e+01,4.548128128051757812e+00,4.938192665576934814e-01,2.355844676494598389e-01,2.362339571118354797e-02,-3.445009700953960419e-03,9.715607166290283203e-01,1.527338828273636580e+02,7.482869309078730158e-01,3.221912533044815063e-01,5.766589176546610407e-01
4.200000000000000000e+01,1.480974769592285156e+01,4.551542282104492188e+00,4.894774556159973145e-01,2.355153709650039673e-01,1.068419869989156723e-02,-6.183863151818513870e-04,9.718118309974670410e-01,1.527521002429724035e+02,7.415259224009909111e-01,3.178494423627853394e-01,5.698979091477789360e-01
4.300000000000000000e+01,1.480335330963134766e+01,4.554598331451416016e+00,4.853999018669128418e-01,2.352564036846160889e-01,-1.415923237800598145e-03,3.044821554794907570e-03,9.719275832176208496e-01,1.527870017536311877e+02,7.349757662545789438e-01,3.137718886137008667e-01,5.633477530013669687e-01
4.400000000000000000e+01,1.479832839965820312e+01,4.556262493133544922e+00,4.840410649776458740e-01,2.390387505292892456e-01,-1.701792515814304352e-02,6.155316717922687531e-03,9.708415269851684570e-01,1.523397019034179038e+02,7.302787025945498556e-01,3.124130517244338989e-01,5.586506893413378805e-01
4.500000000000000000e+01,1.479369640350341797e+01,4.557378768920898438e+00,4.845688641071319580e-01,2.432060241699218750e-01,-3.171570599079132080e-02,7.955154404044151306e-03,9.694235324859619141e-01,1.518329552662031290e+02,7.274981402208597903e-01,3.129408508539199829e-01,5.558701269676478152e-01
4.600000000000000000e+01,1.478887367248535156e+01,4.558920860290527344e+00,4.858563244342803955e-01,2.457329779863357544e-01,-4.243960604071617126e-02,8.134258911013603210e-03,9.683739542961120605e-01,1.515098613471897409e+02,7.263034283125525681e-01,3.142283111810684204e-01,5.546754150593405930e-01
4.700000000000000000e+01,1.478393268585205078e+01,4.560717105865478516e+00,4.880743622779846191e-01,2.472555935382843018e-01,-4.916362464427947998e-02,7.122510578483343124e-03,9.676761627197265625e-01,1.513035415344444630e+02,7.269733565610855264e-01,3.164463490247726440e-01,5.553453433078735513e-01
4.800000000000000000e+01,1.477905654907226562e+01,4.562603950500488281e+00,4.914378523826599121e-01,2.487861067056655884e-01,-5.136371403932571411e-02,4.433166235685348511e-03,9.671854972839355469e-01,1.510996300048611261e+02,7.299526804465403806e-01,3.198098391294479370e-01,5.583246671933284055e-01
4.900000000000000000e+01,1.477480506896972656e+01,4.564181804656982422e+00,4.951429963111877441e-01,2.521139979362487793e-01,-4.875676333904266357e-02,-8.670261595398187637e-04,9.664682149887084961e-01,1.506881106089914510e+02,7.345733549380544236e-01,3.235149830579757690e-01,5.629453416848424485e-01
5.000000000000000000e+01,1.477251148223876953e+01,4.563655376434326172e+00,4.961943328380584717e-01,2.599043548107147217e-01,-4.704643785953521729e-02,-5.093170329928398132e-03,9.644742608070373535e-01,1.497495884286579440e+02,7.362644107424903828e-01,3.245663195848464966e-01,5.646363974892784077e-01
5.100000000000000000e+01,1.477129840850830078e+01,4.559946537017822266e+00,5.007860064506530762e-01,2.711568772792816162e-01,-4.093870893120765686e-02,9.580086334608495235e-04,9.616637229919433594e-01,1.484602120725803616e+02,7.420217502409601762e-01,3.291579931974411011e-01,5.703937369877482011e-01
5.200000000000000000e+01,1.477221393585205078e+01,4.554366588592529297e+00,5.068763494491577148e-01,2.857286334037780762e-01,-3.342963755130767822e-02,1.143203210085630417e-02,9.576592445373535156e-01,1.467795216965666896e+02,7.491961013664245606e-01,3.352483361959457397e-01,5.775680881132125855e-01
5.300000000000000000e+01,1.477399158477783203e+01,4.548447608947753906e+00,5.129665732383728027e-01,3.011025190353393555e-01,-2.235019579529762268e-02,2.135265059769153595e-02,9.530907869338989258e-01,1.449784370205878474e+02,7.569426192522125119e-01,3.413385599851608276e-01,5.853146059990005368e-01
5.400000000000000000e+01,1.477652359008789062e+01,4.542712211608886719e+00,5.181821584701538086e-01,3.142220675945281982e-01,-9.825853630900382996e-03,2.967861294746398926e-02,9.488345980644226074e-01,1.434074048598108391e+02,7.639637177362821330e-01,3.465541452169418335e-01,5.923357044830701579e-01
5.500000000000000000e+01,1.477971172332763672e+01,4.537512779235839844e+00,5.219443440437316895e-01,3.243939578533172607e-01,2.370687201619148254e-03,3.621946647763252258e-02,9.452255964279174805e-01,1.421545788315376058e+02,7.693839007172815769e-01,3.503163307905197144e-01,5.977558874640696018e-01
5.600000000000000000e+01,1.478343772888183594e+01,4.533156394958496094e+00,5.246300101280212402e-01,3.301682472229003906e-01,1.421937253326177597e-02,4.051461070775985718e-02,9.429450631141662598e-01,1.414048730296032659e+02,7.737144878353049426e-01,3.530019968748092651e-01,6.020864745820929675e-01
5.700000000000000000e+01,1.478760147094726562e+01,4.529750823974609375e+00,5.271689295768737793e-01,3.314675986766815186e-01,2.671316452324390411e-02,4.177230969071388245e-02,9.421628117561340332e-01,1.411719453029792817e+02,7.782040666717551236e-01,3.555409163236618042e-01,6.065760534185431485e-01
5.800000000000000000e+01,1.479201030731201172e+01,4.527271747589111328e+00,5.297758579254150391e-01,3.299428224563598633e-01,4.081266745924949646e-02,4.028389230370521545e-02,9.422575831413269043e-01,1.412544046527570458e+02,7.831645578783752448e-01,3.581478446722030640e-01,6.115365446251632697e-01
5.900000000000000000e+01,1.479673957824707031e+01,4.525243759155273438e+00,5.325488448143005371e-01,3.274027407169342041e-01,5.570648983120918274e-02,3.741546720266342163e-02,9.424991011619567871e-01,1.414391662494710147e+02,7.883479577341355737e-01,3.609208315610885620e-01,6.167199444809235986e-01
6.000000000000000000e+01,1.480208778381347656e+01,4.523151397705078125e+00,5.353816747665405273e-01,3.255570828914642334e-01,6.941986083984375000e-02,3.438186272978782654e-02,9.423436522483825684e-01,1.415365531458570842e+02,7.932258812381856039e-01,3.637536615133285522e-01,6.215978679849736288e-01
6.100000000000000000e+01,1.480842590332031250e+01,4.520710468292236328e+00,5.377860069274902344e-01,3.252202868461608887e-01,7.974862307310104370e-02,3.171912580728530884e-02,9.417356848716735840e-01,1.414752526424946382e+02,7.970603182102262707e-01,3.661579936742782593e-01,6.254323049570142956e-01
6.200000000000000000e+01,1.481595897674560547e+01,4.517948627471923828e+00,5.394195914268493652e-01,3.262222707271575928e-01,8.574867993593215942e-02,2.930503897368907928e-02,9.409397840499877930e-01,1.412961477289336187e+02,7.995386583215957632e-01,3.677915781736373901e-01,6.279106450683837881e-01
6.300000000000000000e+01,1.482473373413085938e+01,4.515108108520507812e+00,5.400553345680236816e-01,3.278377056121826172e-01,8.745668083429336548e-02,2.674505859613418579e-02,9.402971267700195312e-01,1.410955163652082831e+02,8.005667953888343513e-01,3.684273213148117065e-01,6.289387821356223762e-01
6.400000000000000000e+01,1.483457374572753906e+01,4.512236595153808594e+00,5.395121574401855469e-01,3.285352289676666260e-01,8.560739457607269287e-02,2.423312887549400330e-02,9.402920007705688477e-01,1.410503786711691419e+02,8.000611245261812776e-01,3.678841441869735718e-01,6.284331112729693025e-01
6.500000000000000000e+01,1.484505271911621094e+01,4.509550571441650391e+00,5.374452471733093262e-01,3.276194334030151367e-01,8.223621547222137451e-02,2.185256965458393097e-02,9.409703612327575684e-01,1.412177271227733968e+02,7.978695851835935215e-01,3.658172339200973511e-01,6.262415719303815465e-01
6.600000000000000000e+01,1.485535621643066406e+01,4.507201194763183594e+00,5.323812365531921387e-01,3.250565230846405029e-01,8.028620481491088867e-02,1.923668757081031799e-02,9.420840144157409668e-01,1.415695930340097277e+02,7.928499420084131888e-01,3.607532232999801636e-01,6.212219287552012137e-01
6.700000000000000000e+01,1.486491203308105469e+01,4.504704475402832031e+00,5.242322683334350586e-01,3.215559720993041992e-01,7.992189377546310425e-02,1.634962111711502075e-02,9.433700442314147949e-01,1.420196902317266847e+02,7.849325791566197363e-01,3.526042550802230835e-01,6.133045659034077612e-01
6.800000000000000000e+01,1.487191772460937500e+01,4.503009796142578125e+00,5.223708152770996094e-01,3.185501992702484131e-01,8.448079973459243774e-02,4.859186243265867233e-03,9.441213607788085938e-01,1.424229217099880600e+02,7.844329532415323936e-01,3.507428020238876343e-01,6.128049399883204185e-01
6.900000000000000000e+01,1.487799263000488281e+01,4.501303672790527344e+00,5.212215185165405273e-01,3.160309791564941406e-01,8.903414011001586914e-02,-7.592381909489631653e-03,9.445316195487976074e-01,1.427878532525906792e+02,7.845281550208925703e-01,3.495935052633285522e-01,6.129001417676805952e-01
7.000000000000000000e+01,1.488325977325439453e+01,4.499642848968505859e+00,5.212118625640869141e-01,3.136446177959442139e-01,9.421291947364807129e-02,-2.075012959539890289e-02,9.446271657943725586e-01,1.431526092212216668e+02,7.856593914410541224e-01,3.495838493108749390e-01,6.140313781878421473e-01
7.100000000000000000e+01,1.488804149627685547e+01,4.497414588928222656e+00,5.221589803695678711e-01,3.118786215782165527e-01,9.796650707721710205e-02,-3.256195411086082458e-02,9.444968104362487793e-01,1.434553722476989321e+02,7.873670078529537708e-01,3.505309671163558960e-01,6.157389945997417957e-01
7.200000000000000000e+01,1.489275646209716797e+01,4.494211196899414062e+00,5.234479308128356934e-01,3.107201457023620605e-01,9.791490435600280762e-02,-4.192695766687393188e-02,9.445146322250366211e-01,1.436951545071236467e+02,7.888772537301667054e-01,3.518199175596237183e-01,6.172492404769547303e-01
7.300000000000000000e+01,1.489731884002685547e+01,4.489737987518310547e+00,5.248719453811645508e-01,3.100025951862335205e-01,9.401541203260421753e-02,-4.778844863176345825e-02,9.448682069778442383e-01,1.438681725979794521e+02,7.900399719982791336e-01,3.532439321279525757e-01,6.184119587450671585e-01
7.400000000000000000e+01,1.490148544311523438e+01,4.483872413635253906e+00,5.262770056724548340e-01,3.097026646137237549e-01,8.725700527429580688e-02,-4.970707744359970093e-02,9.455156922340393066e-01,1.439585363103778661e+02,7.908141728294713069e-01,3.546489924192428589e-01,6.191861595762593318e-01
7.500000000000000000e+01,1.490519618988037109e+01,4.477038860321044922e+00,5.275783538818359375e-01,3.092622756958007812e-01,7.906066626310348511e-02,-4.934147000312805176e-02,9.463993906974792480e-01,1.440430303327644594e+02,7.912522534115944417e-01,3.559503406286239624e-01,6.196242401583824666e-01
7.600000000000000000e+01,1.490852069854736328e+01,4.469715118408203125e+00,5.287805795669555664e-01,3.083914220333099365e-01,7.040502130985260010e-02,-4.860409721732139587e-02,9.474046230316162109e-01,1.441712488234188640e+02,7.914591927871974519e-01,3.571525663137435913e-01,6.198311795339854768e-01
7.700000000000000000e+01,1.491150283813476562e+01,4.462291240692138672e+00,5.299261808395385742e-01,3.069439232349395752e-01,6.230216100811958313e-02,-4.891160875558853149e-02,9.484260082244873047e-01,1.443688029335694125e+02,7.916096506612404493e-01,3.582981675863265991e-01,6.199816374080284742e-01
7.800000000000000000e+01,1.491403961181640625e+01,4.454832077026367188e+00,5.308722257614135742e-01,3.052609860897064209e-01,5.555227398872375488e-02,-5.044990405440330505e-02,9.493075013160705566e-01,1.445935872430515019e+02,7.916839173536931451e-01,3.592442125082015991e-01,6.200559041004811700e-01
7.900000000000000000e+01,1.491591644287109375e+01,4.447231769561767578e+00,5.312869548797607422e-01,3.037081956863403320e-01,5.113448947668075562e-02,-5.285404250025749207e-02,9.499226808547973633e-01,1.448002722635245050e+02,7.915080154104933152e-01,3.596589416265487671e-01,6.198800021572813401e-01
8.000000000000000000e+01,1.491692638397216797e+01,4.439412117004394531e+00,5.309050679206848145e-01,3.026009202003479004e-01,4.996767640113830566e-02,-5.588822439312934875e-02,9.501644372940063477e-01,1.449537496126630742e+02,7.909728042173722606e-01,3.592770546674728394e-01,6.193447909641602855e-01
8.100000000000000000e+01,1.491701793670654297e+01,4.431373596191406250e+00,5.296123623847961426e-01,3.019970357418060303e-01,5.230472609400749207e-02,-5.974301695823669434e-02,9.499962925910949707e-01,1.450527310484871464e+02,7.900061581416675249e-01,3.579843491315841675e-01,6.183781448884555498e-01
8.200000000000000000e+01,1.491665458679199219e+01,4.423048496246337891e+00,5.270277261734008789e-01,3.009225726127624512e-01,5.611027777194976807e-02,-6.498596817255020142e-02,9.497758746147155762e-01,1.452210598152834109e+02,7.879115430823049326e-01,3.553997129201889038e-01,6.162835298290929575e-01
8.300000000000000000e+01,1.491757297515869141e+01,4.414482116699218750e+00,5.212302207946777344e-01,2.970450520515441895e-01,5.410458520054817200e-02,-7.133434712886810303e-02,9.506567716598510742e-01,1.457345629332634758e+02,7.817471542156062547e-01,3.496022075414657593e-01,6.101191409623942796e-01
8.400000000000000000e+01,1.491870307922363281e+01,4.407617092132568359e+00,5.177797079086303711e-01,2.903250455856323242e-01,4.893118143081665039e-02,-7.617934793233871460e-02,9.526352286338806152e-01,1.465696863708957949e+02,7.774269990989868262e-01,3.461516946554183960e-01,6.057989858457748511e-01
8.500000000000000000e+01,1.491823577880859375e+01,4.403875350952148438e+00,5.208255648612976074e-01,2.877820730209350586e-01,4.773920029401779175e-02,-7.973088324069976807e-02,9.531764984130859375e-01,1.468971591395659573e+02,7.801973428949886546e-01,3.491975516080856323e-01,6.085693296417766796e-01
8.600000000000000000e+01,1.491706371307373047e+01,4.401903629302978516e+00,5.253470540046691895e-01,2.884307205677032471e-01,4.701465368270874023e-02,-8.316378295421600342e-02,9.527230262756347656e-01,1.468406829334775523e+02,7.845395443722911200e-01,3.537190407514572144e-01,6.129115311190791449e-01
8.700000000000000000e+01,1.491486072540283203e+01,4.400855064392089844e+00,5.305387973785400391e-01,2.907467782497406006e-01,4.770927131175994873e-02,-8.413612097501754761e-02,9.518988728523254395e-01,1.465711489852815248e+02,7.898366082064665061e-01,3.589107841253280640e-01,6.182085949532545310e-01
8.800000000000000000e+01,1.491181659698486328e+01,4.400183200836181641e+00,5.357407927513122559e-01,2.932450771331787109e-01,4.872256144881248474e-02,-8.117931336164474487e-02,9.513376951217651367e-01,1.462523936298909746e+02,7.952902169588107473e-01,3.641127794981002808e-01,6.236622037055987722e-01
8.900000000000000000e+01,1.490784358978271484e+01,4.399675846099853516e+00,5.405382513999938965e-01,2.956716716289520264e-01,5.074331164360046387e-02,-7.423244416713714600e-02,9.510484933853149414e-01,1.459155326001480262e+02,8.005371378670060878e-01,3.689102381467819214e-01,6.289091246137941127e-01
9.000000000000000000e+01,1.490283012390136719e+01,4.399538040161132812e+00,5.443688035011291504e-01,2.980849444866180420e-01,5.501557886600494385e-02,-6.532547622919082642e-02,9.507109522819519043e-01,1.455661811035449489e+02,8.050770284857395875e-01,3.727407902479171753e-01,6.334490152325276124e-01
9.100000000000000000e+01,1.489729976654052734e+01,4.399906158447265625e+00,5.468232631683349609e-01,3.003969490528106689e-01,5.991379171609878540e-02,-5.598867312073707581e-02,9.502828121185302734e-01,1.452180226085172876e+02,8.082118408032531454e-01,3.751952499151229858e-01,6.365838275500411703e-01
9.200000000000000000e+01,1.489171791076660156e+01,4.400695323944091797e+00,5.475544333457946777e-01,3.024754524230957031e-01,6.383009999990463257e-02,-4.679108783602714539e-02,9.498657584190368652e-01,1.448921145319457935e+02,8.093792259241450182e-01,3.759264200925827026e-01,6.377512126709330431e-01
9.300000000000000000e+01,1.488634967803955078e+01,4.401872634887695312e+00,5.465975999832153320e-01,3.042382299900054932e-01,6.578912585973739624e-02,-3.811592981219291687e-02,9.495568871498107910e-01,1.446087137296131573e+02,8.085204515058299624e-01,3.749695867300033569e-01,6.368924382526179873e-01
9.400000000000000000e+01,1.488131237030029297e+01,4.403468132019042969e+00,5.442108511924743652e-01,3.057172298431396484e-01,6.546938419342041016e-02,-3.029442764818668365e-02,9.493856430053710938e-01,1.443739358475152983e+02,8.058922992678605457e-01,3.725828379392623901e-01,6.342642860146485706e-01
9.500000000000000000e+01,1.487663650512695312e+01,4.405588150024414062e+00,5.406363010406494141e-01,3.068959414958953857e-01,6.266831606626510620e-02,-2.373516373336315155e-02,9.493810534477233887e-01,1.441978272735119333e+02,8.017470305916930551e-01,3.690082877874374390e-01,6.301190173384810800e-01
9.600000000000000000e+01,1.487235832214355469e+01,4.408296585083007812e+00,5.359281301498413086e-01,3.078462481498718262e-01,5.694927275180816650e-02,-1.873118989169597626e-02,9.495455622673034668e-01,1.440759907362688068e+02,7.960995427284562886e-01,3.643001168966293335e-01,6.244715294752443135e-01
9.700000000000000000e+01,1.486823558807373047e+01,4.411319732666015625e+00,5.308699011802673340e-01,3.090461194515228271e-01,4.860544204711914062e-02,-1.370310410857200623e-02,9.497054219245910645e-01,1.439372409608869532e+02,7.896739177501412854e-01,3.592418879270553589e-01,6.180459044969293103e-01
9.800000000000000000e+01,1.486407566070556641e+01,4.414391517639160156e+00,5.263655781745910645e-01,3.101055324077606201e-01,3.953127562999725342e-02,-6.859266664832830429e-03,9.498552680015563965e-01,1.438124708706047841e+02,7.834959099183338438e-01,3.547375649213790894e-01,6.118678966651218687e-01
9.900000000000000000e+01,1.485954761505126953e+01,4.417706489562988281e+00,5.216720700263977051e-01,3.107582926750183105e-01,3.411506861448287964e-02,1.271887915208935738e-03,9.498758316040039062e-01,1.437248347485922295e+02,7.774913081143588478e-01,3.500440567731857300e-01,6.058632948611468727e-01
1.000000000000000000e+02,1.485459423065185547e+01,4.420785427093505859e+00,5.147498250007629395e-01,3.114010691642761230e-01,3.274064511060714722e-02,1.204636786133050919e-02,9.496380686759948730e-01,1.436217968942935386e+02,7.696093948220040781e-01,3.431218117475509644e-01,5.979813815687921030e-01
