run,episode_idx,file_idx,n_frames,n_robotcam_gray_frames,first_gray_frame,last_gray_frame,frame0_gray_frac,frame1_gray_frac,n_gray_frames_in_first_5s_of_main_loop,n_chasecam_gray_frames
h060_200,0,0,1202,0,,,0.002,0.002,0,0
h060_200,1,1,1202,0,,,0.002,0.002,0,0
h060_200,7,10,307,0,,,0.0,0.0,0,0
h060_200,72,102,1202,0,,,0.005,0.005,0,0
h060_200,73,103,592,0,,,0.005,0.005,0,0
h060_200,74,104,221,0,,,0.005,0.005,0,0
h060_200,8,11,307,0,,,0.001,0.0,0,0
h060_200,75,111,463,0,,,0.002,0.002,0,0
h060_200,76,112,1202,0,,,0.001,0.002,0,0
h060_200,77,113,1202,5,291,295,0.002,0.002,0,0
h060_200,78,114,1202,0,,,0.001,0.001,0,0
h060_200,79,115,1202,0,,,0.001,0.001,0,0
h060_200,80,116,1202,0,,,0.001,0.001,0,0
h060_200,9,12,848,0,,,0.004,0.0,0,1
h060_200,81,120,703,0,,,0.0,0.0,0,0
h060_200,82,121,1202,0,,,0.0,0.0,0,0
h060_200,83,122,1202,0,,,0.0,0.0,0,0
h060_200,84,123,1202,0,,,0.001,0.001,0,0
h060_200,85,124,421,0,,,0.001,0.001,0,0
h060_200,86,125,527,0,,,0.0,0.0,0,0
h060_200,87,126,1202,0,,,0.006,0.005,0,0
h060_200,88,127,1202,0,,,0.006,0.004,0,0
h060_200,89,128,1202,0,,,0.006,0.004,0,0
h060_200,10,13,1202,0,,,0.005,0.001,0,2
h060_200,90,135,590,0,,,0.0,0.0,0,0
h060_200,91,136,811,0,,,0.0,0.0,0,0
h060_200,92,137,214,0,,,0.0,0.0,0,0
h060_200,93,138,941,0,,,0.006,0.005,0,0
h060_200,94,139,1137,0,,,0.005,0.005,0,0
h060_200,11,14,1202,10,156,165,0.005,0.0,0,0
h060_200,95,140,1202,0,,,0.005,0.005,0,0
h060_200,96,141,1047,0,,,0.001,0.001,0,0
h060_200,97,142,1202,0,,,0.001,0.001,0,0
h060_200,98,143,1202,0,,,0.001,0.001,0,0
h060_200,99,144,1115,0,,,0.001,0.001,0,0
h060_200,100,145,315,0,,,0.001,0.001,0,0
h060_200,101,146,291,0,,,0.0,0.0,0,0
h060_200,102,147,382,0,,,0.001,0.001,0,0
h060_200,103,148,1202,0,,,0.001,0.001,0,0
h060_200,104,149,1202,0,,,0.001,0.001,0,0
h060_200,105,150,868,0,,,0.001,0.001,0,0
h060_200,106,151,1202,0,,,0.001,0.001,0,0
h060_200,107,152,1202,0,,,0.001,0.001,0,0
h060_200,108,153,1202,0,,,0.001,0.0,0,0
h060_200,109,154,1052,0,,,0.001,0.0,0,1
h060_200,110,155,1202,0,,,0.001,0.0,0,0
h060_200,111,156,387,0,,,0.001,0.001,0,0
h060_200,112,157,400,0,,,0.001,0.001,0,0
h060_200,113,158,180,0,,,0.001,0.001,0,0
h060_200,114,159,216,0,,,0.002,0.002,0,0
h060_200,115,160,663,0,,,0.001,0.001,0,0
h060_200,116,161,400,0,,,0.002,0.001,0,0
h060_200,117,162,1202,0,,,0.001,0.001,0,0
h060_200,118,163,556,0,,,0.001,0.001,0,0
h060_200,119,164,1202,0,,,0.001,0.0,0,0
h060_200,120,165,239,0,,,0.001,0.001,0,0
h060_200,121,166,1059,0,,,0.001,0.001,0,0
h060_200,122,167,1202,0,,,0.001,0.001,0,0
h060_200,123,174,242,0,,,0.0,0.0,0,0
h060_200,124,175,181,0,,,0.0,0.0,0,0
h060_200,125,176,1202,0,,,0.0,0.0,0,0
h060_200,126,177,324,0,,,0.0,0.0,0,0
h060_200,127,178,1202,0,,,0.001,0.0,0,0
h060_200,128,179,616,0,,,0.001,0.001,0,0
h060_200,12,18,382,0,,,0.001,0.001,0,0
h060_200,129,189,1202,0,,,0.0,0.0,0,0
h060_200,13,19,1202,0,,,0.001,0.001,0,0
h060_200,130,190,1202,0,,,0.0,0.0,0,0
h060_200,131,191,1202,0,,,0.0,0.0,0,0
h060_200,132,192,1202,0,,,0.0,0.0,0,0
h060_200,133,193,1202,0,,,0.0,0.0,0,0
h060_200,134,194,1202,0,,,0.0,0.0,0,0
h060_200,135,198,1202,0,,,0.002,0.003,0,0
h060_200,136,199,1202,0,,,0.002,0.003,0,0
h060_200,2,2,1202,0,,,0.002,0.002,0,0
h060_200,14,20,1202,0,,,0.0,0.0,0,1
h060_200,137,200,400,0,,,0.002,0.003,0,0
h060_200,138,204,1202,0,,,0.0,0.0,0,0
h060_200,139,205,1202,0,,,0.0,0.0,0,0
h060_200,140,206,298,0,,,0.0,0.0,0,0
h060_200,142,208,1202,0,,,0.001,0.002,0,0
h060_200,143,209,709,0,,,0.001,0.001,0,0
h060_200,144,213,1202,0,,,0.002,0.001,0,0
h060_200,145,214,1071,0,,,0.001,0.001,0,0
h060_200,146,215,724,0,,,0.001,0.001,0,0
h060_200,147,216,1202,0,,,0.001,0.001,0,0
h060_200,148,217,279,0,,,0.001,0.001,0,0
h060_200,149,218,1202,0,,,0.001,0.001,0,10
h060_200,150,225,1202,0,,,0.001,0.0,0,0
h060_200,151,226,1202,0,,,0.0,0.0,0,0
h060_200,152,227,1202,0,,,0.0,0.001,0,0
h060_200,153,234,1202,0,,,0.001,0.001,0,1
h060_200,154,235,1202,20,946,965,0.001,0.001,0,0
h060_200,155,236,977,0,,,0.001,0.001,0,0
h060_200,156,237,362,0,,,0.001,0.001,0,0
h060_200,157,238,472,0,,,0.001,0.001,0,0
h060_200,158,239,500,0,,,0.001,0.001,0,0
h060_200,15,24,1202,0,,,0.0,0.0,0,1
h060_200,159,243,290,0,,,0.0,0.0,0,0
h060_200,160,244,444,0,,,0.0,0.0,0,0
h060_200,161,245,494,0,,,0.0,0.0,0,0
h060_200,162,246,251,0,,,0.0,0.0,0,0
h060_200,163,247,560,0,,,0.0,0.0,0,0
h060_200,164,248,1024,0,,,0.0,0.0,0,0
h060_200,165,249,231,0,,,0.002,0.003,0,0
h060_200,16,25,1000,0,,,0.0,0.0,0,0
h060_200,166,250,1202,0,,,0.002,0.003,0,1
h060_200,167,251,535,0,,,0.003,0.003,0,0
h060_200,168,252,1202,0,,,0.0,0.0,0,0
h060_200,169,253,1202,0,,,0.0,0.001,0,0
h060_200,170,254,223,0,,,0.0,0.001,0,0
h060_200,171,255,193,0,,,0.004,0.004,0,0
h060_200,172,256,307,0,,,0.004,0.004,0,0
h060_200,173,257,150,0,,,0.004,0.004,0,0
h060_200,174,258,409,0,,,0.001,0.0,0,0
h060_200,175,259,728,0,,,0.001,0.001,0,0
h060_200,17,26,1202,0,,,0.0,0.0,0,0
h060_200,176,260,1202,0,,,0.0,0.001,0,0
h060_200,177,261,1202,0,,,0.0,0.0,0,0
h060_200,178,262,1202,0,,,0.0,0.0,0,0
h060_200,179,263,1202,0,,,0.0,0.0,0,0
h060_200,180,264,1202,0,,,0.001,0.001,0,0
h060_200,181,265,491,0,,,0.001,0.001,0,0
h060_200,182,266,1202,0,,,0.001,0.001,0,0
h060_200,183,276,1202,0,,,0.002,0.002,0,0
h060_200,184,277,1202,0,,,0.002,0.002,0,0
h060_200,185,278,1202,0,,,0.002,0.002,0,1
h060_200,189,285,1202,0,,,0.006,0.005,0,0
h060_200,190,286,1202,0,,,0.006,0.006,0,0
h060_200,191,287,1202,0,,,0.005,0.005,0,0
h060_200,192,291,1202,0,,,0.0,0.0,0,0
h060_200,193,292,773,0,,,0.002,0.002,0,0
h060_200,194,293,849,0,,,0.001,0.0,0,1
h060_200,18,30,231,0,,,0.002,0.002,0,0
h060_200,195,300,1202,0,,,0.002,0.002,0,1
h060_200,196,301,1202,0,,,0.002,0.002,0,0
h060_200,197,302,472,0,,,0.002,0.002,0,0
h060_200,19,31,261,0,,,0.002,0.002,0,0
h060_200,20,32,254,0,,,0.002,0.002,0,0
h060_200,21,39,33,0,,,0.002,0.002,0,0
h060_200,22,40,33,0,,,0.002,0.002,0,0
h060_200,23,41,33,0,,,0.002,0.002,0,0
h060_200,24,42,1202,0,,,0.0,0.0,0,0
h060_200,25,43,1202,0,,,0.0,0.0,0,0
h060_200,26,44,1202,0,,,0.0,0.0,0,0
h060_200,28,49,775,0,,,0.0,0.0,0,0
h060_200,30,51,1202,0,,,0.005,0.005,0,3
h060_200,31,52,601,0,,,0.005,0.005,0,3
h060_200,32,53,1202,15,486,500,0.006,0.005,0,6
h060_200,33,54,1202,0,,,0.003,0.004,0,0
h060_200,34,55,1202,0,,,0.003,0.004,0,0
h060_200,35,56,1202,0,,,0.003,0.004,0,0
h060_200,3,6,219,0,,,0.003,0.002,0,0
h060_200,36,60,1202,0,,,0.001,0.002,0,0
h060_200,37,61,1202,0,,,0.001,0.002,0,0
h060_200,38,62,1202,0,,,0.0,0.002,0,0
h060_200,39,66,1202,0,,,0.001,0.001,0,0
h060_200,40,67,1202,0,,,0.001,0.0,0,0
h060_200,41,68,806,0,,,0.001,0.001,0,0
h060_200,42,69,1202,0,,,0.006,0.006,0,0
h060_200,4,7,746,0,,,0.003,0.002,0,0
h060_200,43,70,1202,0,,,0.005,0.006,0,0
h060_200,44,71,1202,0,,,0.006,0.006,0,0
h060_200,45,72,851,0,,,0.0,0.001,0,0
h060_200,46,73,1202,0,,,0.001,0.001,0,0
h060_200,47,74,1202,0,,,0.0,0.0,0,0
h060_200,48,75,889,0,,,0.001,0.001,0,0
h060_200,49,76,1166,0,,,0.001,0.001,0,0
h060_200,50,77,1202,0,,,0.001,0.001,0,0
h060_200,51,78,1202,0,,,0.003,0.003,0,0
h060_200,52,79,1202,0,,,0.003,0.002,0,0
h060_200,5,8,764,0,,,0.003,0.002,0,0
h060_200,53,80,1202,0,,,0.003,0.002,0,0
h060_200,54,81,1202,0,,,0.007,0.007,0,0
h060_200,55,82,1030,0,,,0.008,0.007,0,0
h060_200,56,83,1202,0,,,0.007,0.007,0,0
h060_200,57,84,1083,0,,,0.0,0.0,0,1
h060_200,58,85,223,0,,,0.0,0.0,0,0
h060_200,59,86,309,0,,,0.0,0.0,0,0
h060_200,60,87,397,0,,,0.001,0.001,0,0
h060_200,61,88,1202,0,,,0.001,0.001,0,0
h060_200,62,89,1202,0,,,0.001,0.001,0,0
h060_200,6,9,314,0,,,0.001,0.0,0,0
h060_200,63,90,1202,0,,,0.0,0.0,0,0
h060_200,64,91,1143,0,,,0.001,0.001,0,0
h060_200,65,92,1202,0,,,0.0,0.0,0,0
h060_200,66,93,387,0,,,0.001,0.001,0,0
h060_200,67,94,1148,0,,,0.001,0.001,0,0
h060_200,68,95,1202,0,,,0.001,0.001,0,0
h060_200,69,96,1202,0,,,0.0,0.0,0,0
h060_200,70,97,1202,0,,,0.0,0.0,0,0
h060_200,71,98,845,0,,,0.0,0.0,0,0
