run,record,video_frame,main_loop_step,robotcam_history_step,robotcam_gray_frac,chasecam_gray_frac
h110_200,0,0,init,init,0.991,0.0004
h110_200,0,1,0,0,0.9909,0.0008
h110_200,0,5,20,0,0.991,0.0009
h110_200,0,6,25,25,0.0006,0.0009
h110_200,0,10,45,25,0.0006,0.0006
h110_200,0,20,95,75,0.0006,0.0008
h110_200,0,50,245,225,0.0001,0.018
h110_200,0,100,495,475,0.0028,0.0007
h095_200,158,0,init,init,0.0008,0.0003
h095_200,158,1,0,0,0.7188,0.0005
h095_200,158,5,20,0,0.7188,0.0005
h095_200,158,6,25,25,0.0035,0.0003
h095_200,158,10,45,25,0.0035,0.0007
h095_200,158,20,95,75,0.0005,0.0003
h095_200,158,50,245,225,0.0006,0.0006
h095_200,158,100,495,475,0.0001,0.0005
h078_200,0,0,init,init,0.0013,0.0003
h078_200,0,1,0,0,0.0015,0.0007
h078_200,0,5,20,0,0.0016,0.0004
h078_200,0,6,25,25,0.0008,0.0005
h078_200,0,10,45,25,0.0008,0.0005
h078_200,0,20,95,75,0.0006,0.0005
h078_200,0,50,245,225,0.0005,0.0008
h078_200,0,100,495,475,0.0009,0.0126
