robot,trial,metric,value
E,stand,total_mass,19.665998458862305
E,stand,height_mean,0.4877941439052423
E,stand,height_min,0.48721128702163696
E,stand,max_abs_roll_deg,0.4934509777692014
E,stand,max_abs_pitch_deg,1.3028866708868176
E,stand,max_tilt_deg,1.387197807641491
E,stand,max_tilt_t_s,11.94
E,stand,yaw_change_deg,0.9279109623648415
E,stand,planar_displacement_m,0.00789147130297081
E,stand,command_steps_completed,600
E,stand,command_completed,True
E,stand,steady_state_samples,400
E,stand,vx_mean,-0.0003882557613227044
E,stand,vx_ratio,
E,stand,vx_rms_err,0.00039324046474960707
E,stand,vx_sd,6.24923206607666e-05
E,stand,vy_mean,0.0008536401097371833
E,stand,vy_ratio,
E,stand,vy_rms_err,0.0008939944005495379
E,stand,vy_sd,0.0002658971690769296
E,stand,wz_mean,-0.0026119647672749125
E,stand,wz_ratio,
E,stand,wz_rms_err,0.0026592793707047794
E,stand,wz_sd,0.0005000319047169469
E,stand,vx_com_mean,0.0013074982957914471
E,stand,vy_com_mean,0.0001993117371006292
E,stand,check_abs_diff_max,0.001104310126500268
E,stand,stand_drift_m,0.00789147130297081
E,stand,stand_yaw_drift_deg,0.9279109623648298
E,stand,stand_duration_s,12.0
E,forward,total_mass,19.665998458862305
E,forward,height_mean,0.5116990560789904
E,forward,height_min,0.4808350205421448
E,forward,max_abs_roll_deg,8.534730716055057
E,forward,max_abs_pitch_deg,7.352969787312439
E,forward,max_tilt_deg,9.072204899162639
E,forward,max_tilt_t_s,0.4
E,forward,yaw_change_deg,8.266801208170167
E,forward,planar_displacement_m,5.473642130210159
E,forward,command_steps_completed,600
E,forward,command_completed,True
E,forward,steady_state_samples,400
E,forward,vx_mean,0.4528087916836377
E,forward,vx_ratio,0.9056175833672754
E,forward,vx_rms_err,0.08614582220637043
E,forward,vx_sd,0.07216030984582797
E,forward,vy_mean,-0.0030301529181729157
E,forward,vy_ratio,
E,forward,vy_rms_err,0.06251734920032541
E,forward,vy_sd,0.06252207328975136
E,forward,wz_mean,0.016809150979970582
E,forward,wz_ratio,
E,forward,wz_rms_err,0.0947417928723236
E,forward,wz_sd,0.09335549196321584
E,forward,vx_com_mean,0.45344808951020243
E,forward,vy_com_mean,-0.0024212116467242596
E,forward,check_abs_diff_max,0.0007832808300234778
E,turn_left,total_mass,19.665998458862305
E,turn_left,height_mean,0.5112319180369377
E,turn_left,height_min,0.4883677363395691
E,turn_left,max_abs_roll_deg,8.718517310473615
E,turn_left,max_abs_pitch_deg,5.835889696536179
E,turn_left,max_tilt_deg,8.736442362220142
E,turn_left,max_tilt_t_s,0.34
E,turn_left,yaw_change_deg,363.32058292901644
E,turn_left,planar_displacement_m,0.09769082162739032
E,turn_left,command_steps_completed,600
E,turn_left,command_completed,True
E,turn_left,steady_state_samples,400
E,turn_left,vx_mean,-0.041963020597773404
E,turn_left,vx_ratio,
E,turn_left,vx_rms_err,0.07059476334587261
E,turn_left,vx_sd,0.0568401488428011
E,turn_left,vy_mean,-0.004572194762050066
E,turn_left,vy_ratio,
E,turn_left,vy_rms_err,0.08038262507636329
E,turn_left,vy_sd,0.08035298971797261
E,turn_left,wz_mean,0.5294845952838659
E,turn_left,wz_ratio,1.011241087565267
E,turn_left,wz_rms_err,0.08605386868351217
E,turn_left,wz_sd,0.08595986381734727
E,turn_left,vx_com_mean,-0.04042974565003533
E,turn_left,vy_com_mean,-0.0056085875973803925
E,turn_left,check_abs_diff_max,0.0005354049135000228
E,turn_right,total_mass,19.665998458862305
E,turn_right,height_mean,0.5079304857055346
E,turn_right,height_min,0.4868229031562805
E,turn_right,max_abs_roll_deg,5.5355485608741875
E,turn_right,max_abs_pitch_deg,10.248917246934294
E,turn_right,max_tilt_deg,10.7194638514068
E,turn_right,max_tilt_t_s,10.540000000000001
E,turn_right,yaw_change_deg,-348.88575677914685
E,turn_right,planar_displacement_m,0.15000759148757303
E,turn_right,command_steps_completed,600
E,turn_right,command_completed,True
E,turn_right,steady_state_samples,400
E,turn_right,vx_mean,-0.00046481354884178426
E,turn_right,vx_ratio,
E,turn_right,vx_rms_err,0.07235590023889367
E,turn_right,vx_sd,0.07244502018855987
E,turn_right,vy_mean,-0.02885598888033171
E,turn_right,vy_ratio,
E,turn_right,vy_rms_err,0.09262457516910125
E,turn_right,vy_sd,0.08812524597662558
E,turn_right,wz_mean,-0.5066054255701602
E,turn_right,wz_ratio,0.9675450921199713
E,turn_right,wz_rms_err,0.11115910924859683
E,turn_right,wz_sd,0.10999008214009846
E,turn_right,vx_com_mean,-0.0013104363915044815
E,turn_right,vy_com_mean,-0.025818168012956447
E,turn_right,check_abs_diff_max,0.0005954883341840675
E,sequence,total_mass,19.665998458862305
E,sequence,height_mean,0.509808471262455
E,sequence,height_min,0.47552862763404846
E,sequence,max_abs_roll_deg,8.534730716055057
E,sequence,max_abs_pitch_deg,8.621281090935046
E,sequence,max_tilt_deg,10.697335014144564
E,sequence,max_tilt_t_s,5.24
E,sequence,yaw_change_deg,61.98294542945563
E,sequence,planar_displacement_m,5.133750661748179
E,sequence,command_steps_completed,1500
E,sequence,command_completed,True
E,sequence,vx_rms_err,0.14009577084999084
E,sequence,vy_rms_err,0.08488655977346854
E,sequence,wz_rms_err,0.142495683476614
T,stand,total_mass,19.666000366210938
T,stand,height_mean,0.48599168052275976
T,stand,height_min,0.4849339425563812
T,stand,max_abs_roll_deg,0.7915891634555566
T,stand,max_abs_pitch_deg,1.5414273175558715
T,stand,max_tilt_deg,1.686672244641686
T,stand,max_tilt_t_s,10.040000000000001
T,stand,yaw_change_deg,1.1388854204556982
T,stand,planar_displacement_m,0.010380022360666067
T,stand,command_steps_completed,600
T,stand,upper_body_max_dev_rad,0.021690011024475098
T,stand,upper_body_mean_dev_rad,0.008131282302027103
T,stand,command_completed,True
T,stand,steady_state_samples,400
T,stand,vx_mean,0.00025351468757838684
T,stand,vx_ratio,
T,stand,vx_rms_err,0.0009614810503410667
T,stand,vx_sd,0.000928618297905553
T,stand,vy_mean,0.001074722249832355
T,stand,vy_ratio,
T,stand,vy_rms_err,0.0014070399862909154
T,stand,vy_sd,0.0009092857693060401
T,stand,wz_mean,-0.010423063735361211
T,stand,wz_ratio,
T,stand,wz_rms_err,0.013082150981063627
T,stand,wz_sd,0.007915747868694648
T,stand,vx_com_mean,0.0014488226481626043
T,stand,vy_com_mean,0.000687164594558567
T,stand,check_abs_diff_max,0.001466240500065362
T,stand,stand_drift_m,0.010380022360666067
T,stand,stand_yaw_drift_deg,1.1388854204556893
T,stand,stand_duration_s,12.0
T,forward,total_mass,19.666000366210938
T,forward,height_mean,0.5114341762661934
T,forward,height_min,0.48006781935691833
T,forward,max_abs_roll_deg,8.12664464958578
T,forward,max_abs_pitch_deg,7.851722500723393
T,forward,max_tilt_deg,8.504152459932126
T,forward,max_tilt_t_s,0.38
T,forward,yaw_change_deg,5.871033921042854
T,forward,planar_displacement_m,5.429212759847127
T,forward,command_steps_completed,600
T,forward,upper_body_max_dev_rad,0.06904631853103638
T,forward,upper_body_mean_dev_rad,0.00861239466045779
T,forward,command_completed,True
T,forward,steady_state_samples,400
T,forward,vx_mean,0.4505915447613664
T,forward,vx_ratio,0.9011830895227328
T,forward,vx_rms_err,0.07553813013482873
T,forward,vx_sd,0.05721010527487406
T,forward,vy_mean,-0.002472683807370222
T,forward,vy_ratio,
T,forward,vy_rms_err,0.058311603361084784
T,forward,vy_sd,0.05833211388338763
T,forward,wz_mean,0.02459388089220738
T,forward,wz_ratio,
T,forward,wz_rms_err,0.12459020854634639
T,forward,wz_sd,0.12229165634380082
T,forward,vx_com_mean,0.45103657014667986
T,forward,vy_com_mean,-0.0021514553501401678
T,forward,check_abs_diff_max,0.0010341295258945171
T,turn_left,total_mass,19.666000366210938
T,turn_left,height_mean,0.5106825795272986
T,turn_left,height_min,0.4870339035987854
T,turn_left,max_abs_roll_deg,8.730907738447161
T,turn_left,max_abs_pitch_deg,6.09160462385689
T,turn_left,max_tilt_deg,8.732979134132142
T,turn_left,max_tilt_t_s,0.34
T,turn_left,yaw_change_deg,363.46239232699213
T,turn_left,planar_displacement_m,0.08111545190124043
T,turn_left,command_steps_completed,600
T,turn_left,upper_body_max_dev_rad,0.04610972851514816
T,turn_left,upper_body_mean_dev_rad,0.008387980939220748
T,turn_left,command_completed,True
T,turn_left,steady_state_samples,400
T,turn_left,vx_mean,-0.0425260626473548
T,turn_left,vx_ratio,
T,turn_left,vx_rms_err,0.0640152807051442
T,turn_left,vx_sd,0.04790854026211589
T,turn_left,vy_mean,-0.011461528569030915
T,turn_left,vy_ratio,
T,turn_left,vy_rms_err,0.07868880357402112
T,turn_left,vy_sd,0.07794710095404458
T,turn_left,wz_mean,0.5329015172645449
T,turn_left,wz_ratio,1.01776692784588
T,turn_left,wz_rms_err,0.110300389400378
T,turn_left,wz_sd,0.1100450347519141
T,turn_left,vx_com_mean,-0.041002804706222376
T,turn_left,vy_com_mean,-0.013883461101431748
T,turn_left,check_abs_diff_max,0.0007450532820072932
T,turn_right,total_mass,19.666000366210938
T,turn_right,height_mean,0.507561376541853
T,turn_right,height_min,0.48742595314979553
T,turn_right,max_abs_roll_deg,5.721178267960191
T,turn_right,max_abs_pitch_deg,7.715120976669916
T,turn_right,max_tilt_deg,8.379510597715393
T,turn_right,max_tilt_t_s,7.2
T,turn_right,yaw_change_deg,-348.45991979560455
T,turn_right,planar_displacement_m,0.10446802974938915
T,turn_right,command_steps_completed,600
T,turn_right,upper_body_max_dev_rad,0.05230410769581795
T,turn_right,upper_body_mean_dev_rad,0.008281563990758233
T,turn_right,command_completed,True
T,turn_right,steady_state_samples,400
T,turn_right,vx_mean,-0.01949767030780426
T,turn_right,vx_ratio,
T,turn_right,vx_rms_err,0.05243405643767765
T,turn_right,vx_sd,0.04873508899474841
T,turn_right,vy_mean,-0.02955788861875904
T,turn_right,vy_ratio,
T,turn_right,vy_rms_err,0.08965913065053178
T,turn_right,vy_sd,0.08475286750775535
T,turn_right,wz_mean,-0.4945323926769197
T,turn_right,wz_ratio,0.944487297763128
T,turn_right,wz_rms_err,0.13777712713100698
T,turn_right,wz_sd,0.1348448738155338
T,turn_right,vx_com_mean,-0.02012567855621455
T,turn_right,vy_com_mean,-0.02614740280318074
T,turn_right,check_abs_diff_max,0.00047369149712667635
T,sequence,total_mass,19.666000366210938
T,sequence,height_mean,0.5091313699086507
T,sequence,height_min,0.4756637215614319
T,sequence,max_abs_roll_deg,8.12664464958578
T,sequence,max_abs_pitch_deg,9.905918185379164
T,sequence,max_tilt_deg,11.073911233768975
T,sequence,max_tilt_t_s,5.24
T,sequence,yaw_change_deg,62.03858927112081
T,sequence,planar_displacement_m,5.205459107422672
T,sequence,command_steps_completed,1500
T,sequence,upper_body_max_dev_rad,0.06867524236440659
T,sequence,upper_body_mean_dev_rad,0.008594008611456705
T,sequence,command_completed,True
T,sequence,vx_rms_err,0.13433922724446348
T,sequence,vy_rms_err,0.0783375837618439
T,sequence,wz_rms_err,0.17846914966136523
