robot,i,type,after,start,end,complete,t0_s,forward_m,lateral_m,planar_m,dyaw_deg,forward_m_incl_next_zero,dyaw_deg_incl_next_zero,mean_vx,mean_wz,mean_abs_wz
E,0,forward,,0,75,True,0.0,0.612457569232333,0.0802205072653965,0.6176889216230897,4.307281514755955,0.6552325619119003,3.9133619799150234,0.407961418318091,0.06192909227218479,0.12384544187691063
E,1,zero,forward,75,83,True,1.5,0.04310725734638715,0.002802890775500938,0.043198285065810624,-0.393919534840906,,,0.245399746519904,-0.029320339090190828,0.10145404527429491
E,2,turn_left,,83,158,True,1.6600000000000001,-0.05224246928629591,-0.07440131811391203,0.09091111997009554,42.32642609408839,-0.06407348778362598,44.35959380311694,-0.036764097787377006,0.5001502333581448,0.501157093991836
E,3,zero,turn_left,158,166,True,3.16,-0.013070181231207238,0.003219651963405571,0.013460898788047673,2.033167709028541,,,-0.10073589697138668,0.20256746001541615,0.20256746001541615
E,4,forward,,166,241,True,3.3200000000000003,0.6250063917423103,0.019122894452498818,0.6252988683909348,1.8631413216638344,0.6667957506455675,2.358696366737791,0.41431042415447666,0.02728764694184065,0.08553074438124895
E,5,zero,forward,241,249,True,4.82,0.0419184003738843,0.0032874041471032678,0.042047108294526694,0.4955550450739822,,,0.23415510732910022,0.12264438398415223,0.1668480146327056
E,6,turn_right,,249,324,True,4.98,-0.02701017014566761,-0.03756032299832217,0.04626366992615484,-43.46707136018498,-0.043432228470710335,-43.46996593434512,-0.01638395254375048,-0.5081068201859792,0.5081068201859792
E,7,zero,turn_right,324,332,True,6.48,-0.017832372271256725,-0.005058395038020728,0.01853593432178045,-0.002894574160135985,,,-0.1328669889406085,-0.0090874545276165,0.15128005854785442
E,8,forward,,332,407,True,6.640000000000001,0.623463039992193,0.008356272899488287,0.6235190370253963,1.6602444453016458,0.6640542623027488,1.3605124553685946,0.4137022653957041,0.02078062839495639,0.06834975175869962
E,9,zero,forward,407,415,True,8.14,0.040733511147788115,0.0043209354412375965,0.04096204845359082,-0.29973198993305133,,,0.25004149810803744,-0.06907127099111676,0.1389822536148131
E,10,turn_left,,415,490,True,8.3,-0.04723333363428681,-0.028837542347522595,0.05534068715559112,41.95181183841131,-0.06229332479513862,45.249221326727955,-0.032760820693717614,0.4957648723945022,0.5052856478715936
E,11,zero,turn_left,490,498,True,9.8,-0.013742010647847197,0.007239967626435835,0.015532546084830545,3.2974094883166747,,,-0.11539917291315459,0.3167132968083024,0.3167132968083024
E,12,forward,,498,573,True,9.96,0.6072723718418879,0.004815400343679499,0.6072914635353786,1.3470059983111622,0.6478538044042476,1.2307768499338918,0.40448805504448704,0.015967919578154882,0.11245886353154977
E,13,zero,forward,573,581,True,11.46,0.04061364416813847,0.0008928388267064012,0.04062345694037673,-0.1162291483772702,,,0.24502586452494435,-0.0475692676845938,0.11936152703128755
E,14,turn_right,,581,656,True,11.620000000000001,-0.01787593948460657,-0.013086436459141593,0.022154097401078352,-43.34274609971911,-0.03340103995476616,-43.17899165376066,-0.014070441083509655,-0.5023445097605387,0.5023445097605387
E,15,zero,turn_right,656,664,True,13.120000000000001,-0.017546605802335503,-0.004027238956925689,0.018002833910213525,0.1637544459584715,,,-0.12941246182609265,0.016965519171208143,0.1347428043372929
E,16,forward,,664,739,True,13.280000000000001,0.6197736619399041,-0.006923797500371476,0.6198123353130565,0.884185480085218,0.6595107905683435,0.48432400694217803,0.4113179061350715,0.01126975117251277,0.0719490720393757
E,17,zero,forward,739,747,True,14.780000000000001,0.03977767853646858,0.0023208344169795177,0.03984532572512954,-0.39986147314301457,,,0.23886684582359735,-0.07866979809477925,0.14167121751233935
E,18,turn_left,,747,822,True,14.94,-0.025158376418588715,-0.00018957066806218892,0.025159090624615,43.08765127446138,-0.04023228828093424,45.7373066284294,-0.01845174436516366,0.4993710651931663,0.5017232883907855
E,19,zero,turn_left,822,830,True,16.44,-0.010883112467511271,0.010431415940943968,0.015075031526118917,2.6496553539680248,,,-0.0951255151357555,0.26737071946263313,0.26948997005820274
E,20,forward,,830,905,True,16.6,0.6022187440548412,-4.1955265302540123e-05,0.602218745516307,0.8943073185273129,0.6427868389106817,0.8066939135779497,0.40086069173637884,0.010968106649816036,0.10370496209710836
E,21,zero,forward,905,913,True,18.1,0.04056722028970053,-0.00037263862425647096,0.040568931728323564,-0.08761340494933768,,,0.2432795688698258,-0.022623087745159864,0.1275964924134314
E,22,turn_right,,913,988,True,18.26,-0.006077857138464355,-0.004029089055258241,0.007292044021451315,-42.71197766696053,-0.01552279442970068,-42.56181628755441,-0.006353826103556632,-0.49873711506525675,0.49873711506525675
E,23,zero,turn_right,988,996,True,19.76,-0.013457531359201073,0.0006535193229761957,0.013473389988766135,0.15016137940614543,,,-0.10911792673914339,0.03819787595421076,0.22564848605543375
E,24,forward,,996,1071,True,19.92,0.6161598027428522,-0.02098385605146677,0.6165170109014829,1.1225071562477726,0.658934922006369,1.5598581416262864,0.41046044390192055,0.010027557474871477,0.07935398437082768
E,25,zero,forward,1071,1079,True,21.42,0.042678797073083155,-0.005334940823557212,0.04301094410956668,0.4373509853785137,,,0.2508529116906685,0.06911124562611803,0.09558632323751226
E,26,turn_left,,1079,1154,True,21.580000000000002,-0.005611562521466447,-0.013086205353345723,0.014238623686377174,44.03623112374845,-0.01823707617139568,43.54168073126099,-0.008871767024476588,0.5122198196252187,0.5122198196252187
E,27,zero,turn_left,1154,1162,True,23.080000000000002,-0.00955861358224256,0.00827753436912296,0.01264455095472527,-0.4945503924874668,,,-0.08195768843233199,-0.12262685818132013,0.1928505360847339
E,28,forward,,1162,1237,True,23.240000000000002,0.5902130723094964,-0.0367530456905332,0.5913562860852544,1.2854013041512324,0.629519520468194,0.4220996415118528,0.391438700493599,0.021238120272755623,0.09326986921330294
E,29,zero,forward,1237,1245,True,24.740000000000002,0.039242774766822135,-0.00327864499638769,0.03937949827526844,-0.8633016626393797,,,0.21281381104409583,-0.08992823353037238,0.2045470834709704
E,30,turn_right,,1245,1320,True,24.900000000000002,-0.017917889441973776,-0.03220607061112246,0.03685487411813261,-42.34341055233351,-0.02666598793355531,-44.06004760078359,-0.010400843577251531,-0.5000589768091838,0.5092818363507589
E,31,zero,turn_right,1320,1328,True,26.400000000000002,-0.011541162099122666,-0.00032332599453279137,0.011545690204442788,-1.7166370484501068,,,-0.09946638701711798,-0.19688314013183117,0.19688314013183117
E,32,forward,,1328,1403,True,26.560000000000002,0.5923791777140652,-0.04278837731295493,0.5939224995083684,0.6311297874148817,0.6350301877699838,0.7883992861473109,0.3934697891029732,0.003008701205253601,0.07351462749143442
E,33,zero,forward,1403,1411,True,28.060000000000002,0.04258906329219985,-0.005858387194742638,0.04299010365922056,0.15726949873242926,,,0.2427117588850277,0.06306259892880917,0.12167164869606495
E,34,turn_left,,1411,1486,True,28.22,-0.0025056047291386893,0.006468639338352231,0.006936955380306273,43.53485558361359,-0.014058841387184794,45.368531168632394,-0.008843430351271305,0.5124136781195799,0.5124136781195799
E,35,zero,turn_left,1486,1494,True,29.72,-0.004819927763454567,0.011700135917484401,0.012654046156567024,1.8336755850188013,,,-0.04862714186090647,0.18261642334982753,0.18261642334982753
E,36,forward,,1494,1500,False,,,,,,,,,,
T,0,forward,,0,75,True,0.0,0.6051529485435071,0.07434578800620557,0.6097027040494115,3.976162681956084,0.6474979054384981,3.005708124191848,0.403298605831691,0.07244068150874228,0.13362160568591208
T,1,zero,forward,75,83,True,1.5,0.04260795822439485,0.0023138162096681776,0.04267073762549577,-0.9704545577642356,,,0.24002926908177585,-0.07045930833555758,0.15313839516602457
T,2,turn_left,,83,158,True,1.6600000000000001,-0.06090193276117206,-0.07283458566769994,0.0949416783263907,42.86656673432144,-0.07170159820431121,44.59851377703821,-0.043214453910265446,0.5102884728213152,0.5161836351454258
T,3,zero,turn_left,158,166,True,3.16,-0.013668800116050222,0.0011484094312188475,0.013716958148009599,1.731947042716766,,,-0.10309671414213775,0.17081430729012936,0.17170744331087917
T,4,forward,,166,241,True,3.3200000000000003,0.6198364414585695,0.0011436034067238698,0.6198374964365859,0.6999471029421649,0.6624410891572371,0.6972015354201558,0.41124165553474307,0.019755083018292985,0.10108068261916439
T,5,zero,forward,241,249,True,4.82,0.04264303138757132,0.002881588254472326,0.04274028166483822,-0.002745567522009107,,,0.23880591286274838,0.13353217160329223,0.22956964140757918
T,6,turn_right,,249,324,True,4.98,-0.026261967382579104,-0.04155094524635334,0.049154572337363506,-44.13662495518391,-0.04262415625848489,-43.56383519594261,-0.01403436099484525,-0.5037657952308655,0.5037657952308655
T,7,zero,turn_right,324,332,True,6.48,-0.016970863349287674,-0.006006156648318068,0.018002336529026754,0.5727897592412766,,,-0.12623735328801344,0.00990417879074812,0.21166435722261667
T,8,forward,,332,407,True,6.640000000000001,0.6137838383056314,0.0007565704245131935,0.6137843045924202,1.7165148096569376,0.6514037895798902,1.2095412047021459,0.407794545210882,0.02823138775769621,0.09136053199414164
T,9,zero,forward,407,415,True,8.14,0.03771542579275789,0.0026223362368383227,0.03780648079454186,-0.5069736049547663,,,0.22780611650207422,-0.12711158208549023,0.20780237019062042
T,10,turn_left,,415,490,True,8.3,-0.04453837058408231,-0.00935614352945877,0.04551048094701793,43.048070602156194,-0.0588714049300859,46.685522227080206,-0.0301379264025683,0.5155337372732659,0.5216105918772519
T,11,zero,turn_left,490,498,True,9.8,-0.015694307055795192,0.004195546124549356,0.016245426471619754,3.6374516249239837,,,-0.12605276439057947,0.3308849250897765,0.35184719879180193
T,12,forward,,498,573,True,9.96,0.6006093128944696,-0.006033526231828901,0.600639617553119,0.051198473017233126,0.6405471376105377,-0.1906968500494379,0.40042336551146057,0.016385501713181535,0.11353268913614253
T,13,zero,forward,573,581,True,11.46,0.03993909729515358,0.0014062882863096378,0.03996384790652616,-0.24189532306667103,,,0.241628162713194,-0.10887258395086974,0.21706033765804023
T,14,turn_right,,581,656,True,11.620000000000001,-0.04113644124058251,-0.012137418201326832,0.04288966913528009,-44.52349874387344,-0.05621452212502585,-43.70434850940611,-0.02621550391221586,-0.5025256986916066,0.5025256986916066
T,15,zero,turn_right,656,664,True,13.120000000000001,-0.016278117600571563,-0.00495205073448924,0.01701469714967014,0.8191502344673337,,,-0.11958366473895342,0.03863014746457338,0.21414301078766584
T,16,forward,,664,739,True,13.280000000000001,0.6182994907729342,-0.01669750648590798,0.6185249122007268,0.8099858999731543,0.6580999024122841,0.6384266339935479,0.41054246732883015,0.017995027458916107,0.09200432065253457
T,17,zero,forward,739,747,True,14.780000000000001,0.03981381257162877,0.0006665430818151852,0.03981939164739588,-0.1715592659796064,,,0.23706475400809263,-0.08324445877224207,0.17504796665161848
T,18,turn_left,,747,822,True,14.94,0.012649534424653096,-0.004018156704504491,0.013272388800153427,44.90607107084629,0.0004144186518000785,47.56104558736655,0.0018837610561525998,0.5441831757128238,0.5453444482386112
T,19,zero,turn_left,822,830,True,16.44,-0.012078559403935471,0.00521327576674862,0.013155601145313216,2.65497451652026,,,-0.10091999301667416,0.22489354386925697,0.331828985363245
T,20,forward,,830,905,True,16.6,0.6294947328510332,-0.046247774389400254,0.6311913143597324,-3.4081012263897845,0.6691234993232209,-3.136027459077495,0.4204862043707203,-0.04775788027793169,0.11578968603163958
T,21,zero,forward,905,913,True,18.1,0.03973504382743534,-0.0006056307688723714,0.039739658989432866,0.272073767312315,,,0.23523919410564914,-0.011000912170857191,0.1681677303276956
T,22,turn_right,,913,988,True,18.26,0.020556596490883376,-0.024149716082552633,0.031714073313860204,-42.014042583587546,0.008781662373397019,-41.05909021289697,0.014409192052543828,-0.48544743498166404,0.5020378744602203
T,23,zero,turn_right,988,996,True,19.76,-0.014323048240905323,-0.0016930563939540158,0.014422765021465531,0.9549523706906,,,-0.11511778904436058,0.08118462935090065,0.2502588890492916
T,24,forward,,996,1071,True,19.92,0.6079902300060782,-0.026681411457491172,0.6085754000123632,1.2063402921032689,0.6503882609031806,1.223268888618782,0.40546634773036644,0.015191136845387518,0.09569413414069762
T,25,zero,forward,1071,1079,True,21.42,0.0423110614007161,-0.0045764060039229105,0.04255783604423408,0.01692859651551312,,,0.25046995501158514,-0.012481397483497858,0.15620813192799687
T,26,turn_left,,1079,1154,True,21.580000000000002,0.00015456516206183418,-0.016198269859877105,0.01619900727954421,44.134026804663634,-0.012003899228618928,45.028324113909285,-0.0056453741713127035,0.5199286833157142,0.5201288427164157
T,27,zero,turn_left,1154,1162,True,23.080000000000002,-0.009513138924708873,0.007655410435636247,0.012210860786155062,0.8942973092456514,,,-0.07438142748140039,0.09206490404903889,0.17233811505138874
T,28,forward,,1162,1237,True,23.240000000000002,0.5988267599876751,-0.022876202010915336,0.5992635556212148,0.5873898708375719,0.64300846923329,0.7285814004967611,0.39663945770546194,0.009888716153800487,0.10302252780646086
T,29,zero,forward,1237,1245,True,24.740000000000002,0.044144723661193846,-0.0038340339920232523,0.04431090660069096,0.14119152965918927,,,0.2556146304457625,0.0645046301651746,0.10883838008157909
T,30,turn_right,,1245,1320,True,24.900000000000002,-0.0033082489135907705,-0.03393760960683311,0.03409847293794967,-41.16523654937622,-0.006675513261876192,-41.27887839629718,-0.00039958509848845805,-0.5000961589813232,0.5000961589813232
T,31,zero,turn_right,1320,1328,True,26.400000000000002,-0.006360050096967317,0.002158313958220096,0.006716290373277623,-0.11364184692096393,,,-0.0634556171085952,-0.006965230917558074,0.21870856010355055
T,32,forward,,1328,1403,True,26.560000000000002,0.5998556560444593,-0.04794666787975593,0.6017688019906817,-0.7576660604813373,0.6407545090921274,-1.2664090642104848,0.39884336215266025,-0.010709679995973906,0.0874643180767695
T,33,zero,forward,1403,1411,True,28.060000000000002,0.04095502121986409,-0.003976846665580834,0.04114764965974436,-0.5087430037291474,,,0.23347723417350677,0.013809310737997293,0.18571660434827209
T,34,turn_left,,1411,1486,True,28.22,-0.013188630463879723,-0.01087473919075552,0.01709385638116017,44.80619130571213,-0.02541556221061576,46.56362656188373,-0.01737424915397748,0.5302343213309845,0.5302343213309845
T,35,zero,turn_left,1486,1494,True,29.72,-0.0070475569529806084,0.010254883819110853,0.012443098534889407,1.7574352561715965,,,-0.06328500415153465,0.18445304315537214,0.25368455378338695
T,36,forward,,1494,1500,False,,,,,,,,,,
