list_order,episode_id,record_idx,scene,goal_radius
0,1,0,zsNo4HB9uLZ,3.0
1,2,1,zsNo4HB9uLZ,3.0
2,3,2,zsNo4HB9uLZ,3.0
3,7,6,x8F5xyUWy9e,3.0
4,8,7,x8F5xyUWy9e,3.0
5,9,8,x8F5xyUWy9e,3.0
6,10,9,2azQ1b91cZZ,3.0
7,11,10,2azQ1b91cZZ,3.0
8,12,11,2azQ1b91cZZ,3.0
9,13,12,zsNo4HB9uLZ,3.0
10,14,13,zsNo4HB9uLZ,3.0
11,15,14,zsNo4HB9uLZ,3.0
12,19,18,QUCTc6BB5sX,3.0
13,20,19,QUCTc6BB5sX,3.0
14,21,20,QUCTc6BB5sX,3.0
15,25,24,zsNo4HB9uLZ,3.0
16,26,25,zsNo4HB9uLZ,3.0
17,27,26,zsNo4HB9uLZ,3.0
18,31,30,x8F5xyUWy9e,3.0
19,32,31,x8F5xyUWy9e,3.0
20,33,32,x8F5xyUWy9e,3.0
21,40,39,zsNo4HB9uLZ,3.0
22,41,40,zsNo4HB9uLZ,3.0
23,42,41,zsNo4HB9uLZ,3.0
24,43,42,2azQ1b91cZZ,3.0
25,44,43,2azQ1b91cZZ,3.0
26,45,44,2azQ1b91cZZ,3.0
27,49,48,QUCTc6BB5sX,3.0
28,50,49,QUCTc6BB5sX,3.0
29,51,50,QUCTc6BB5sX,3.0
30,52,51,zsNo4HB9uLZ,3.0
31,53,52,zsNo4HB9uLZ,3.0
32,54,53,zsNo4HB9uLZ,3.0
33,55,54,zsNo4HB9uLZ,3.0
34,56,55,zsNo4HB9uLZ,3.0
35,57,56,zsNo4HB9uLZ,3.0
36,61,60,2azQ1b91cZZ,3.0
37,62,61,2azQ1b91cZZ,3.0
38,63,62,2azQ1b91cZZ,3.0
39,67,66,QUCTc6BB5sX,3.0
40,68,67,QUCTc6BB5sX,3.0
41,69,68,QUCTc6BB5sX,3.0
42,70,69,2azQ1b91cZZ,3.0
43,71,70,2azQ1b91cZZ,3.0
44,72,71,2azQ1b91cZZ,3.0
45,73,72,zsNo4HB9uLZ,3.0
46,74,73,zsNo4HB9uLZ,3.0
47,75,74,zsNo4HB9uLZ,3.0
48,76,75,2azQ1b91cZZ,3.0
49,77,76,2azQ1b91cZZ,3.0
50,78,77,2azQ1b91cZZ,3.0
51,79,78,2azQ1b91cZZ,3.0
52,80,79,2azQ1b91cZZ,3.0
53,81,80,2azQ1b91cZZ,3.0
54,82,81,QUCTc6BB5sX,3.0
55,83,82,QUCTc6BB5sX,3.0
56,84,83,QUCTc6BB5sX,3.0
57,85,84,zsNo4HB9uLZ,3.0
58,86,85,zsNo4HB9uLZ,3.0
59,87,86,zsNo4HB9uLZ,3.0
60,88,87,2azQ1b91cZZ,3.0
61,89,88,2azQ1b91cZZ,3.0
62,90,89,2azQ1b91cZZ,3.0
63,91,90,TbHJrupSAjP,3.0
64,92,91,TbHJrupSAjP,3.0
65,93,92,TbHJrupSAjP,3.0
66,94,93,QUCTc6BB5sX,3.0
67,95,94,QUCTc6BB5sX,3.0
68,96,95,QUCTc6BB5sX,3.0
69,97,96,QUCTc6BB5sX,3.0
70,98,97,QUCTc6BB5sX,3.0
71,99,98,QUCTc6BB5sX,3.0
72,103,102,QUCTc6BB5sX,3.0
73,104,103,QUCTc6BB5sX,3.0
74,105,104,QUCTc6BB5sX,3.0
75,112,111,X7HyMhZNoso,3.0
76,113,112,X7HyMhZNoso,3.0
77,114,113,X7HyMhZNoso,3.0
78,115,114,2azQ1b91cZZ,3.0
79,116,115,2azQ1b91cZZ,3.0
80,117,116,2azQ1b91cZZ,3.0
81,121,120,2azQ1b91cZZ,3.0
82,122,121,2azQ1b91cZZ,3.0
83,123,122,2azQ1b91cZZ,3.0
84,124,123,zsNo4HB9uLZ,3.0
85,125,124,zsNo4HB9uLZ,3.0
86,126,125,zsNo4HB9uLZ,3.0
87,127,126,EU6Fwq7SyZv,3.0
88,128,127,EU6Fwq7SyZv,3.0
89,129,128,EU6Fwq7SyZv,3.0
90,136,135,zsNo4HB9uLZ,3.0
91,137,136,zsNo4HB9uLZ,3.0
92,138,137,zsNo4HB9uLZ,3.0
93,139,138,2azQ1b91cZZ,3.0
94,140,139,2azQ1b91cZZ,3.0
95,141,140,2azQ1b91cZZ,3.0
96,142,141,QUCTc6BB5sX,3.0
97,143,142,QUCTc6BB5sX,3.0
98,144,143,QUCTc6BB5sX,3.0
99,145,144,zsNo4HB9uLZ,3.0
100,146,145,zsNo4HB9uLZ,3.0
101,147,146,zsNo4HB9uLZ,3.0
102,148,147,QUCTc6BB5sX,3.0
103,149,148,QUCTc6BB5sX,3.0
104,150,149,QUCTc6BB5sX,3.0
105,151,150,QUCTc6BB5sX,3.0
106,152,151,QUCTc6BB5sX,3.0
107,153,152,QUCTc6BB5sX,3.0
108,154,153,zsNo4HB9uLZ,3.0
109,155,154,zsNo4HB9uLZ,3.0
110,156,155,zsNo4HB9uLZ,3.0
111,157,156,2azQ1b91cZZ,3.0
112,158,157,2azQ1b91cZZ,3.0
113,159,158,2azQ1b91cZZ,3.0
114,160,159,2azQ1b91cZZ,3.0
115,161,160,2azQ1b91cZZ,3.0
116,162,161,2azQ1b91cZZ,3.0
117,163,162,zsNo4HB9uLZ,3.0
118,164,163,zsNo4HB9uLZ,3.0
119,165,164,zsNo4HB9uLZ,3.0
120,166,165,2azQ1b91cZZ,3.0
121,167,166,2azQ1b91cZZ,3.0
122,168,167,2azQ1b91cZZ,3.0
123,175,174,QUCTc6BB5sX,3.0
124,176,175,QUCTc6BB5sX,3.0
125,177,176,QUCTc6BB5sX,3.0
126,178,177,2azQ1b91cZZ,3.0
127,179,178,2azQ1b91cZZ,3.0
128,180,179,2azQ1b91cZZ,3.0
129,190,189,QUCTc6BB5sX,3.0
130,191,190,QUCTc6BB5sX,3.0
131,192,191,QUCTc6BB5sX,3.0
132,193,192,2azQ1b91cZZ,3.0
133,194,193,2azQ1b91cZZ,3.0
134,195,194,2azQ1b91cZZ,3.0
135,199,198,x8F5xyUWy9e,3.0
136,200,199,x8F5xyUWy9e,3.0
137,201,200,x8F5xyUWy9e,3.0
138,205,204,Z6MFQCViBuw,3.0
139,206,205,Z6MFQCViBuw,3.0
140,207,206,Z6MFQCViBuw,3.0
141,208,207,QUCTc6BB5sX,3.0
142,209,208,QUCTc6BB5sX,3.0
143,210,209,QUCTc6BB5sX,3.0
144,214,213,2azQ1b91cZZ,3.0
145,215,214,2azQ1b91cZZ,3.0
146,216,215,2azQ1b91cZZ,3.0
147,217,216,X7HyMhZNoso,3.0
148,218,217,X7HyMhZNoso,3.0
149,219,218,X7HyMhZNoso,3.0
150,226,225,X7HyMhZNoso,3.0
151,227,226,X7HyMhZNoso,3.0
152,228,227,X7HyMhZNoso,3.0
153,235,234,zsNo4HB9uLZ,3.0
154,236,235,zsNo4HB9uLZ,3.0
155,237,236,zsNo4HB9uLZ,3.0
156,238,237,QUCTc6BB5sX,3.0
157,239,238,QUCTc6BB5sX,3.0
158,240,239,QUCTc6BB5sX,3.0
159,244,243,X7HyMhZNoso,3.0
160,245,244,X7HyMhZNoso,3.0
161,246,245,X7HyMhZNoso,3.0
162,247,246,zsNo4HB9uLZ,3.0
163,248,247,zsNo4HB9uLZ,3.0
164,249,248,zsNo4HB9uLZ,3.0
165,250,249,zsNo4HB9uLZ,3.0
166,251,250,zsNo4HB9uLZ,3.0
167,252,251,zsNo4HB9uLZ,3.0
168,253,252,zsNo4HB9uLZ,3.0
169,254,253,zsNo4HB9uLZ,3.0
170,255,254,zsNo4HB9uLZ,3.0
171,256,255,TbHJrupSAjP,3.0
172,257,256,TbHJrupSAjP,3.0
173,258,257,TbHJrupSAjP,3.0
174,259,258,TbHJrupSAjP,3.0
175,260,259,TbHJrupSAjP,3.0
176,261,260,TbHJrupSAjP,3.0
177,262,261,2azQ1b91cZZ,3.0
178,263,262,2azQ1b91cZZ,3.0
179,264,263,2azQ1b91cZZ,3.0
180,265,264,2azQ1b91cZZ,3.0
181,266,265,2azQ1b91cZZ,3.0
182,267,266,2azQ1b91cZZ,3.0
183,277,276,2azQ1b91cZZ,3.0
184,278,277,2azQ1b91cZZ,3.0
185,279,278,2azQ1b91cZZ,3.0
186,280,279,EU6Fwq7SyZv,3.0
187,281,280,EU6Fwq7SyZv,3.0
188,282,281,EU6Fwq7SyZv,3.0
189,286,285,2azQ1b91cZZ,3.0
190,287,286,2azQ1b91cZZ,3.0
191,288,287,2azQ1b91cZZ,3.0
192,292,291,zsNo4HB9uLZ,3.0
193,293,292,zsNo4HB9uLZ,3.0
194,294,293,zsNo4HB9uLZ,3.0
195,301,300,zsNo4HB9uLZ,3.0
196,302,301,zsNo4HB9uLZ,3.0
197,303,302,zsNo4HB9uLZ,3.0
198,307,306,TbHJrupSAjP,3.0
199,308,307,TbHJrupSAjP,3.0
200,309,308,TbHJrupSAjP,3.0
201,310,309,x8F5xyUWy9e,3.0
202,311,310,x8F5xyUWy9e,3.0
203,312,311,x8F5xyUWy9e,3.0
204,313,312,2azQ1b91cZZ,3.0
205,314,313,2azQ1b91cZZ,3.0
206,315,314,2azQ1b91cZZ,3.0
207,319,318,EU6Fwq7SyZv,3.0
208,320,319,EU6Fwq7SyZv,3.0
209,321,320,EU6Fwq7SyZv,3.0
210,322,321,Z6MFQCViBuw,3.0
211,323,322,Z6MFQCViBuw,3.0
212,324,323,Z6MFQCViBuw,3.0
213,334,333,QUCTc6BB5sX,3.0
214,335,334,QUCTc6BB5sX,3.0
215,336,335,QUCTc6BB5sX,3.0
216,340,339,2azQ1b91cZZ,3.0
217,341,340,2azQ1b91cZZ,3.0
218,342,341,2azQ1b91cZZ,3.0
219,343,342,Z6MFQCViBuw,3.0
220,344,343,Z6MFQCViBuw,3.0
221,345,344,Z6MFQCViBuw,3.0
222,352,351,zsNo4HB9uLZ,3.0
223,353,352,zsNo4HB9uLZ,3.0
224,354,353,zsNo4HB9uLZ,3.0
225,358,357,TbHJrupSAjP,3.0
226,359,358,TbHJrupSAjP,3.0
227,360,359,TbHJrupSAjP,3.0
228,361,360,zsNo4HB9uLZ,3.0
229,362,361,zsNo4HB9uLZ,3.0
230,363,362,zsNo4HB9uLZ,3.0
231,364,363,2azQ1b91cZZ,3.0
232,365,364,2azQ1b91cZZ,3.0
233,366,365,2azQ1b91cZZ,3.0
234,367,366,zsNo4HB9uLZ,3.0
235,368,367,zsNo4HB9uLZ,3.0
236,369,368,zsNo4HB9uLZ,3.0
237,379,378,QUCTc6BB5sX,3.0
238,380,379,QUCTc6BB5sX,3.0
239,381,380,QUCTc6BB5sX,3.0
240,382,381,X7HyMhZNoso,3.0
241,383,382,X7HyMhZNoso,3.0
242,384,383,X7HyMhZNoso,3.0
243,385,384,zsNo4HB9uLZ,3.0
244,386,385,zsNo4HB9uLZ,3.0
245,387,386,zsNo4HB9uLZ,3.0
246,388,387,EU6Fwq7SyZv,3.0
247,389,388,EU6Fwq7SyZv,3.0
248,390,389,EU6Fwq7SyZv,3.0
249,394,393,2azQ1b91cZZ,3.0
250,395,394,2azQ1b91cZZ,3.0
251,396,395,2azQ1b91cZZ,3.0
252,403,402,2azQ1b91cZZ,3.0
253,404,403,2azQ1b91cZZ,3.0
254,405,404,2azQ1b91cZZ,3.0
255,406,405,TbHJrupSAjP,3.0
256,407,406,TbHJrupSAjP,3.0
257,408,407,TbHJrupSAjP,3.0
258,409,408,TbHJrupSAjP,3.0
259,410,409,TbHJrupSAjP,3.0
260,411,410,TbHJrupSAjP,3.0
261,415,414,zsNo4HB9uLZ,3.0
262,416,415,zsNo4HB9uLZ,3.0
263,417,416,zsNo4HB9uLZ,3.0
264,418,417,zsNo4HB9uLZ,3.0
265,419,418,zsNo4HB9uLZ,3.0
266,420,419,zsNo4HB9uLZ,3.0
267,421,420,QUCTc6BB5sX,3.0
268,422,421,QUCTc6BB5sX,3.0
269,423,422,QUCTc6BB5sX,3.0
270,427,426,QUCTc6BB5sX,3.0
271,428,427,QUCTc6BB5sX,3.0
272,429,428,QUCTc6BB5sX,3.0
273,439,438,zsNo4HB9uLZ,3.0
274,440,439,zsNo4HB9uLZ,3.0
275,441,440,zsNo4HB9uLZ,3.0
276,442,441,EU6Fwq7SyZv,3.0
277,443,442,EU6Fwq7SyZv,3.0
278,444,443,EU6Fwq7SyZv,3.0
279,445,444,zsNo4HB9uLZ,3.0
280,446,445,zsNo4HB9uLZ,3.0
281,447,446,zsNo4HB9uLZ,3.0
282,448,447,2azQ1b91cZZ,3.0
283,449,448,2azQ1b91cZZ,3.0
284,450,449,2azQ1b91cZZ,3.0
285,454,453,QUCTc6BB5sX,3.0
286,455,454,QUCTc6BB5sX,3.0
287,456,455,QUCTc6BB5sX,3.0
288,460,459,EU6Fwq7SyZv,3.0
289,461,460,EU6Fwq7SyZv,3.0
290,462,461,EU6Fwq7SyZv,3.0
291,472,471,TbHJrupSAjP,3.0
292,473,472,TbHJrupSAjP,3.0
293,474,473,TbHJrupSAjP,3.0
294,475,474,zsNo4HB9uLZ,3.0
295,476,475,zsNo4HB9uLZ,3.0
296,477,476,zsNo4HB9uLZ,3.0
297,487,486,2azQ1b91cZZ,3.0
298,488,487,2azQ1b91cZZ,3.0
299,489,488,2azQ1b91cZZ,3.0
300,490,489,QUCTc6BB5sX,3.0
301,491,490,QUCTc6BB5sX,3.0
302,492,491,QUCTc6BB5sX,3.0
303,493,492,2azQ1b91cZZ,3.0
304,494,493,2azQ1b91cZZ,3.0
305,495,494,2azQ1b91cZZ,3.0
306,496,495,2azQ1b91cZZ,3.0
307,497,496,2azQ1b91cZZ,3.0
308,498,497,2azQ1b91cZZ,3.0
309,499,498,QUCTc6BB5sX,3.0
310,500,499,QUCTc6BB5sX,3.0
311,501,500,QUCTc6BB5sX,3.0
312,502,501,EU6Fwq7SyZv,3.0
313,503,502,EU6Fwq7SyZv,3.0
314,504,503,EU6Fwq7SyZv,3.0
315,505,504,zsNo4HB9uLZ,3.0
316,506,505,zsNo4HB9uLZ,3.0
317,507,506,zsNo4HB9uLZ,3.0
318,511,510,2azQ1b91cZZ,3.0
319,512,511,2azQ1b91cZZ,3.0
320,513,512,2azQ1b91cZZ,3.0
321,514,513,zsNo4HB9uLZ,3.0
322,515,514,zsNo4HB9uLZ,3.0
323,516,515,zsNo4HB9uLZ,3.0
324,523,522,TbHJrupSAjP,3.0
325,524,523,TbHJrupSAjP,3.0
326,525,524,TbHJrupSAjP,3.0
327,526,525,EU6Fwq7SyZv,3.0
328,527,526,EU6Fwq7SyZv,3.0
329,528,527,EU6Fwq7SyZv,3.0
330,538,537,QUCTc6BB5sX,3.0
331,539,538,QUCTc6BB5sX,3.0
332,540,539,QUCTc6BB5sX,3.0
333,544,543,zsNo4HB9uLZ,3.0
334,545,544,zsNo4HB9uLZ,3.0
335,546,545,zsNo4HB9uLZ,3.0
336,547,546,Z6MFQCViBuw,3.0
337,548,547,Z6MFQCViBuw,3.0
338,549,548,Z6MFQCViBuw,3.0
339,559,558,Z6MFQCViBuw,3.0
340,560,559,Z6MFQCViBuw,3.0
341,561,560,Z6MFQCViBuw,3.0
342,562,561,X7HyMhZNoso,3.0
343,563,562,X7HyMhZNoso,3.0
344,564,563,X7HyMhZNoso,3.0
345,568,567,QUCTc6BB5sX,3.0
346,569,568,QUCTc6BB5sX,3.0
347,570,569,QUCTc6BB5sX,3.0
348,571,570,zsNo4HB9uLZ,3.0
349,572,571,zsNo4HB9uLZ,3.0
350,573,572,zsNo4HB9uLZ,3.0
351,577,576,QUCTc6BB5sX,3.0
352,578,577,QUCTc6BB5sX,3.0
353,579,578,QUCTc6BB5sX,3.0
354,583,582,x8F5xyUWy9e,3.0
355,584,583,x8F5xyUWy9e,3.0
356,585,584,x8F5xyUWy9e,3.0
357,586,585,Z6MFQCViBuw,3.0
358,587,586,Z6MFQCViBuw,3.0
359,588,587,Z6MFQCViBuw,3.0
360,589,588,TbHJrupSAjP,3.0
361,590,589,TbHJrupSAjP,3.0
362,591,590,TbHJrupSAjP,3.0
363,598,597,X7HyMhZNoso,3.0
364,599,598,X7HyMhZNoso,3.0
365,600,599,X7HyMhZNoso,3.0
366,601,600,X7HyMhZNoso,3.0
367,602,601,X7HyMhZNoso,3.0
368,603,602,X7HyMhZNoso,3.0
369,607,606,QUCTc6BB5sX,3.0
370,608,607,QUCTc6BB5sX,3.0
371,609,608,QUCTc6BB5sX,3.0
372,610,609,Z6MFQCViBuw,3.0
373,611,610,Z6MFQCViBuw,3.0
374,612,611,Z6MFQCViBuw,3.0
375,628,627,zsNo4HB9uLZ,3.0
376,629,628,zsNo4HB9uLZ,3.0
377,630,629,zsNo4HB9uLZ,3.0
378,631,630,x8F5xyUWy9e,3.0
379,632,631,x8F5xyUWy9e,3.0
380,633,632,x8F5xyUWy9e,3.0
381,634,633,X7HyMhZNoso,3.0
382,635,634,X7HyMhZNoso,3.0
383,636,635,X7HyMhZNoso,3.0
384,640,639,x8F5xyUWy9e,3.0
385,641,640,x8F5xyUWy9e,3.0
386,642,641,x8F5xyUWy9e,3.0
387,646,645,QUCTc6BB5sX,3.0
388,647,646,QUCTc6BB5sX,3.0
389,648,647,QUCTc6BB5sX,3.0
390,652,651,X7HyMhZNoso,3.0
391,653,652,X7HyMhZNoso,3.0
392,654,653,X7HyMhZNoso,3.0
393,655,654,zsNo4HB9uLZ,3.0
394,656,655,zsNo4HB9uLZ,3.0
395,657,656,zsNo4HB9uLZ,3.0
396,664,663,QUCTc6BB5sX,3.0
397,665,664,QUCTc6BB5sX,3.0
398,666,665,QUCTc6BB5sX,3.0
399,670,669,zsNo4HB9uLZ,3.0
400,671,670,zsNo4HB9uLZ,3.0
401,672,671,zsNo4HB9uLZ,3.0
402,673,672,zsNo4HB9uLZ,3.0
403,674,673,zsNo4HB9uLZ,3.0
404,675,674,zsNo4HB9uLZ,3.0
405,676,675,QUCTc6BB5sX,3.0
406,677,676,QUCTc6BB5sX,3.0
407,678,677,QUCTc6BB5sX,3.0
408,682,681,oLBMNvg9in8,3.0
409,683,682,oLBMNvg9in8,3.0
410,684,683,oLBMNvg9in8,3.0
411,697,696,TbHJrupSAjP,3.0
412,698,697,TbHJrupSAjP,3.0
413,699,698,TbHJrupSAjP,3.0
414,700,699,QUCTc6BB5sX,3.0
415,701,700,QUCTc6BB5sX,3.0
416,702,701,QUCTc6BB5sX,3.0
417,703,702,Z6MFQCViBuw,3.0
418,704,703,Z6MFQCViBuw,3.0
419,705,704,Z6MFQCViBuw,3.0
420,712,711,zsNo4HB9uLZ,3.0
421,713,712,zsNo4HB9uLZ,3.0
422,714,713,zsNo4HB9uLZ,3.0
423,715,714,zsNo4HB9uLZ,3.0
424,716,715,zsNo4HB9uLZ,3.0
425,717,716,zsNo4HB9uLZ,3.0
426,718,717,2azQ1b91cZZ,3.0
427,719,718,2azQ1b91cZZ,3.0
428,720,719,2azQ1b91cZZ,3.0
429,721,720,2azQ1b91cZZ,3.0
430,722,721,2azQ1b91cZZ,3.0
431,723,722,2azQ1b91cZZ,3.0
432,730,729,8194nk5LbLH,3.0
433,731,730,8194nk5LbLH,3.0
434,732,731,8194nk5LbLH,3.0
435,739,738,QUCTc6BB5sX,3.0
436,740,739,QUCTc6BB5sX,3.0
437,741,740,QUCTc6BB5sX,3.0
438,742,741,zsNo4HB9uLZ,3.0
439,743,742,zsNo4HB9uLZ,3.0
440,744,743,zsNo4HB9uLZ,3.0
441,745,744,zsNo4HB9uLZ,3.0
442,746,745,zsNo4HB9uLZ,3.0
443,747,746,zsNo4HB9uLZ,3.0
444,751,750,QUCTc6BB5sX,3.0
445,752,751,QUCTc6BB5sX,3.0
446,753,752,QUCTc6BB5sX,3.0
447,754,753,EU6Fwq7SyZv,3.0
448,755,754,EU6Fwq7SyZv,3.0
449,756,755,EU6Fwq7SyZv,3.0
450,757,756,2azQ1b91cZZ,3.0
451,758,757,2azQ1b91cZZ,3.0
452,759,758,2azQ1b91cZZ,3.0
453,772,771,EU6Fwq7SyZv,3.0
454,773,772,EU6Fwq7SyZv,3.0
455,774,773,EU6Fwq7SyZv,3.0
456,778,777,2azQ1b91cZZ,3.0
457,779,778,2azQ1b91cZZ,3.0
458,780,779,2azQ1b91cZZ,3.0
459,781,780,EU6Fwq7SyZv,3.0
460,782,781,EU6Fwq7SyZv,3.0
461,783,782,EU6Fwq7SyZv,3.0
462,784,783,QUCTc6BB5sX,3.0
463,785,784,QUCTc6BB5sX,3.0
464,786,785,QUCTc6BB5sX,3.0
465,793,792,QUCTc6BB5sX,3.0
466,794,793,QUCTc6BB5sX,3.0
467,795,794,QUCTc6BB5sX,3.0
468,796,795,QUCTc6BB5sX,3.0
469,797,796,QUCTc6BB5sX,3.0
470,798,797,QUCTc6BB5sX,3.0
471,802,801,2azQ1b91cZZ,3.0
472,803,802,2azQ1b91cZZ,3.0
473,804,803,2azQ1b91cZZ,3.0
474,805,804,2azQ1b91cZZ,3.0
475,806,805,2azQ1b91cZZ,3.0
476,807,806,2azQ1b91cZZ,3.0
477,808,807,2azQ1b91cZZ,3.0
478,809,808,2azQ1b91cZZ,3.0
479,810,809,2azQ1b91cZZ,3.0
480,820,819,zsNo4HB9uLZ,3.0
481,821,820,zsNo4HB9uLZ,3.0
482,822,821,zsNo4HB9uLZ,3.0
483,826,825,zsNo4HB9uLZ,3.0
484,827,826,zsNo4HB9uLZ,3.0
485,828,827,zsNo4HB9uLZ,3.0
486,841,840,QUCTc6BB5sX,3.0
487,842,841,QUCTc6BB5sX,3.0
488,843,842,QUCTc6BB5sX,3.0
489,853,852,X7HyMhZNoso,3.0
490,854,853,X7HyMhZNoso,3.0
491,855,854,X7HyMhZNoso,3.0
492,859,858,2azQ1b91cZZ,3.0
493,860,859,2azQ1b91cZZ,3.0
494,861,860,2azQ1b91cZZ,3.0
495,862,861,zsNo4HB9uLZ,3.0
496,863,862,zsNo4HB9uLZ,3.0
497,864,863,zsNo4HB9uLZ,3.0
498,868,867,zsNo4HB9uLZ,3.0
499,869,868,zsNo4HB9uLZ,3.0
500,870,869,zsNo4HB9uLZ,3.0
501,874,873,QUCTc6BB5sX,3.0
502,875,874,QUCTc6BB5sX,3.0
503,876,875,QUCTc6BB5sX,3.0
504,877,876,QUCTc6BB5sX,3.0
505,878,877,QUCTc6BB5sX,3.0
506,879,878,QUCTc6BB5sX,3.0
507,880,879,2azQ1b91cZZ,3.0
508,881,880,2azQ1b91cZZ,3.0
509,882,881,2azQ1b91cZZ,3.0
510,886,885,EU6Fwq7SyZv,3.0
511,887,886,EU6Fwq7SyZv,3.0
512,888,887,EU6Fwq7SyZv,3.0
513,889,888,QUCTc6BB5sX,3.0
514,890,889,QUCTc6BB5sX,3.0
515,891,890,QUCTc6BB5sX,3.0
516,898,897,zsNo4HB9uLZ,3.0
517,899,898,zsNo4HB9uLZ,3.0
518,900,899,zsNo4HB9uLZ,3.0
519,901,900,X7HyMhZNoso,3.0
520,902,901,X7HyMhZNoso,3.0
521,903,902,X7HyMhZNoso,3.0
522,907,906,oLBMNvg9in8,3.0
523,908,907,oLBMNvg9in8,3.0
524,909,908,oLBMNvg9in8,3.0
525,910,909,zsNo4HB9uLZ,3.0
526,911,910,zsNo4HB9uLZ,3.0
527,912,911,zsNo4HB9uLZ,3.0
528,913,912,zsNo4HB9uLZ,3.0
529,914,913,zsNo4HB9uLZ,3.0
530,915,914,zsNo4HB9uLZ,3.0
531,916,915,Z6MFQCViBuw,3.0
532,917,916,Z6MFQCViBuw,3.0
533,918,917,Z6MFQCViBuw,3.0
534,922,921,zsNo4HB9uLZ,3.0
535,923,922,zsNo4HB9uLZ,3.0
536,924,923,zsNo4HB9uLZ,3.0
537,928,927,TbHJrupSAjP,3.0
538,929,928,TbHJrupSAjP,3.0
539,930,929,TbHJrupSAjP,3.0
540,931,930,2azQ1b91cZZ,3.0
541,932,931,2azQ1b91cZZ,3.0
542,933,932,2azQ1b91cZZ,3.0
543,937,936,oLBMNvg9in8,3.0
544,938,937,oLBMNvg9in8,3.0
545,939,938,oLBMNvg9in8,3.0
546,943,942,QUCTc6BB5sX,3.0
547,944,943,QUCTc6BB5sX,3.0
548,945,944,QUCTc6BB5sX,3.0
549,952,951,QUCTc6BB5sX,3.0
550,953,952,QUCTc6BB5sX,3.0
551,954,953,QUCTc6BB5sX,3.0
552,955,954,zsNo4HB9uLZ,3.0
553,956,955,zsNo4HB9uLZ,3.0
554,957,956,zsNo4HB9uLZ,3.0
555,958,957,2azQ1b91cZZ,3.0
556,959,958,2azQ1b91cZZ,3.0
557,960,959,2azQ1b91cZZ,3.0
558,964,963,Z6MFQCViBuw,3.0
559,965,964,Z6MFQCViBuw,3.0
560,966,965,Z6MFQCViBuw,3.0
561,970,969,EU6Fwq7SyZv,3.0
562,971,970,EU6Fwq7SyZv,3.0
563,972,971,EU6Fwq7SyZv,3.0
564,976,975,QUCTc6BB5sX,3.0
565,977,976,QUCTc6BB5sX,3.0
566,978,977,QUCTc6BB5sX,3.0
567,985,984,X7HyMhZNoso,3.0
568,986,985,X7HyMhZNoso,3.0
569,987,986,X7HyMhZNoso,3.0
570,988,987,QUCTc6BB5sX,3.0
571,989,988,QUCTc6BB5sX,3.0
572,990,989,QUCTc6BB5sX,3.0
573,994,993,QUCTc6BB5sX,3.0
574,995,994,QUCTc6BB5sX,3.0
575,996,995,QUCTc6BB5sX,3.0
576,1003,1002,QUCTc6BB5sX,3.0
577,1004,1003,QUCTc6BB5sX,3.0
578,1005,1004,QUCTc6BB5sX,3.0
579,1006,1005,2azQ1b91cZZ,3.0
580,1007,1006,2azQ1b91cZZ,3.0
581,1008,1007,2azQ1b91cZZ,3.0
582,1015,1014,zsNo4HB9uLZ,3.0
583,1016,1015,zsNo4HB9uLZ,3.0
584,1017,1016,zsNo4HB9uLZ,3.0
585,1018,1017,TbHJrupSAjP,3.0
586,1019,1018,TbHJrupSAjP,3.0
587,1020,1019,TbHJrupSAjP,3.0
588,1021,1020,QUCTc6BB5sX,3.0
589,1022,1021,QUCTc6BB5sX,3.0
590,1023,1022,QUCTc6BB5sX,3.0
591,1024,1023,zsNo4HB9uLZ,3.0
592,1025,1024,zsNo4HB9uLZ,3.0
593,1026,1025,zsNo4HB9uLZ,3.0
594,1027,1026,Z6MFQCViBuw,3.0
595,1028,1027,Z6MFQCViBuw,3.0
596,1029,1028,Z6MFQCViBuw,3.0
597,1039,1038,zsNo4HB9uLZ,3.0
598,1040,1039,zsNo4HB9uLZ,3.0
599,1041,1040,zsNo4HB9uLZ,3.0
600,1042,1041,QUCTc6BB5sX,3.0
601,1043,1042,QUCTc6BB5sX,3.0
602,1044,1043,QUCTc6BB5sX,3.0
603,1048,1047,2azQ1b91cZZ,3.0
604,1049,1048,2azQ1b91cZZ,3.0
605,1050,1049,2azQ1b91cZZ,3.0
606,1057,1056,Z6MFQCViBuw,3.0
607,1058,1057,Z6MFQCViBuw,3.0
608,1059,1058,Z6MFQCViBuw,3.0
609,1060,1059,QUCTc6BB5sX,3.0
610,1061,1060,QUCTc6BB5sX,3.0
611,1062,1061,QUCTc6BB5sX,3.0
612,1069,1068,zsNo4HB9uLZ,3.0
613,1070,1069,zsNo4HB9uLZ,3.0
614,1071,1070,zsNo4HB9uLZ,3.0
615,1075,1074,TbHJrupSAjP,3.0
616,1076,1075,TbHJrupSAjP,3.0
617,1077,1076,TbHJrupSAjP,3.0
618,1078,1077,8194nk5LbLH,3.0
619,1079,1078,8194nk5LbLH,3.0
620,1080,1079,8194nk5LbLH,3.0
621,1084,1083,zsNo4HB9uLZ,3.0
622,1085,1084,zsNo4HB9uLZ,3.0
623,1086,1085,zsNo4HB9uLZ,3.0
624,1087,1086,2azQ1b91cZZ,3.0
625,1088,1087,2azQ1b91cZZ,3.0
626,1089,1088,2azQ1b91cZZ,3.0
627,1093,1092,QUCTc6BB5sX,3.0
628,1094,1093,QUCTc6BB5sX,3.0
629,1095,1094,QUCTc6BB5sX,3.0
630,1096,1095,QUCTc6BB5sX,3.0
631,1097,1096,QUCTc6BB5sX,3.0
632,1098,1097,QUCTc6BB5sX,3.0
633,1099,1098,zsNo4HB9uLZ,3.0
634,1100,1099,zsNo4HB9uLZ,3.0
635,1101,1100,zsNo4HB9uLZ,3.0
636,1105,1104,QUCTc6BB5sX,3.0
637,1106,1105,QUCTc6BB5sX,3.0
638,1107,1106,QUCTc6BB5sX,3.0
639,1108,1107,zsNo4HB9uLZ,3.0
640,1109,1108,zsNo4HB9uLZ,3.0
641,1110,1109,zsNo4HB9uLZ,3.0
642,1114,1113,QUCTc6BB5sX,3.0
643,1115,1114,QUCTc6BB5sX,3.0
644,1116,1115,QUCTc6BB5sX,3.0
645,1117,1116,x8F5xyUWy9e,3.0
646,1118,1117,x8F5xyUWy9e,3.0
647,1119,1118,x8F5xyUWy9e,3.0
648,1129,1128,QUCTc6BB5sX,3.0
649,1130,1129,QUCTc6BB5sX,3.0
650,1131,1130,QUCTc6BB5sX,3.0
651,1132,1131,Z6MFQCViBuw,3.0
652,1133,1132,Z6MFQCViBuw,3.0
653,1134,1133,Z6MFQCViBuw,3.0
654,1135,1134,zsNo4HB9uLZ,3.0
655,1136,1135,zsNo4HB9uLZ,3.0
656,1137,1136,zsNo4HB9uLZ,3.0
657,1138,1137,QUCTc6BB5sX,3.0
658,1139,1138,QUCTc6BB5sX,3.0
659,1140,1139,QUCTc6BB5sX,3.0
660,1141,1140,QUCTc6BB5sX,3.0
661,1142,1141,QUCTc6BB5sX,3.0
662,1143,1142,QUCTc6BB5sX,3.0
663,1147,1146,8194nk5LbLH,3.0
664,1148,1147,8194nk5LbLH,3.0
665,1149,1148,8194nk5LbLH,3.0
666,1150,1149,TbHJrupSAjP,3.0
667,1151,1150,TbHJrupSAjP,3.0
668,1152,1151,TbHJrupSAjP,3.0
669,1153,1152,X7HyMhZNoso,3.0
670,1154,1153,X7HyMhZNoso,3.0
671,1155,1154,X7HyMhZNoso,3.0
672,1156,1155,QUCTc6BB5sX,3.0
673,1157,1156,QUCTc6BB5sX,3.0
674,1158,1157,QUCTc6BB5sX,3.0
675,1159,1158,2azQ1b91cZZ,3.0
676,1160,1159,2azQ1b91cZZ,3.0
677,1161,1160,2azQ1b91cZZ,3.0
678,1165,1164,zsNo4HB9uLZ,3.0
679,1166,1165,zsNo4HB9uLZ,3.0
680,1167,1166,zsNo4HB9uLZ,3.0
681,1168,1167,X7HyMhZNoso,3.0
682,1169,1168,X7HyMhZNoso,3.0
683,1170,1169,X7HyMhZNoso,3.0
684,1171,1170,TbHJrupSAjP,3.0
685,1172,1171,TbHJrupSAjP,3.0
686,1173,1172,TbHJrupSAjP,3.0
687,1177,1176,X7HyMhZNoso,3.0
688,1178,1177,X7HyMhZNoso,3.0
689,1179,1178,X7HyMhZNoso,3.0
690,1180,1179,QUCTc6BB5sX,3.0
691,1181,1180,QUCTc6BB5sX,3.0
692,1182,1181,QUCTc6BB5sX,3.0
693,1183,1182,QUCTc6BB5sX,3.0
694,1184,1183,QUCTc6BB5sX,3.0
695,1185,1184,QUCTc6BB5sX,3.0
696,1189,1188,2azQ1b91cZZ,3.0
697,1190,1189,2azQ1b91cZZ,3.0
698,1191,1190,2azQ1b91cZZ,3.0
699,1192,1191,Z6MFQCViBuw,3.0
700,1193,1192,Z6MFQCViBuw,3.0
701,1194,1193,Z6MFQCViBuw,3.0
702,1195,1194,zsNo4HB9uLZ,3.0
703,1196,1195,zsNo4HB9uLZ,3.0
704,1197,1196,zsNo4HB9uLZ,3.0
705,1198,1197,zsNo4HB9uLZ,3.0
706,1199,1198,zsNo4HB9uLZ,3.0
707,1200,1199,zsNo4HB9uLZ,3.0
708,1201,1200,QUCTc6BB5sX,3.0
709,1202,1201,QUCTc6BB5sX,3.0
710,1203,1202,QUCTc6BB5sX,3.0
711,1204,1203,EU6Fwq7SyZv,3.0
712,1205,1204,EU6Fwq7SyZv,3.0
713,1206,1205,EU6Fwq7SyZv,3.0
714,1207,1206,QUCTc6BB5sX,3.0
715,1208,1207,QUCTc6BB5sX,3.0
716,1209,1208,QUCTc6BB5sX,3.0
717,1213,1212,2azQ1b91cZZ,3.0
718,1214,1213,2azQ1b91cZZ,3.0
719,1215,1214,2azQ1b91cZZ,3.0
720,1228,1227,QUCTc6BB5sX,3.0
721,1229,1228,QUCTc6BB5sX,3.0
722,1230,1229,QUCTc6BB5sX,3.0
723,1237,1236,Z6MFQCViBuw,3.0
724,1238,1237,Z6MFQCViBuw,3.0
725,1239,1238,Z6MFQCViBuw,3.0
726,1240,1239,zsNo4HB9uLZ,3.0
727,1241,1240,zsNo4HB9uLZ,3.0
728,1242,1241,zsNo4HB9uLZ,3.0
729,1246,1245,TbHJrupSAjP,3.0
730,1247,1246,TbHJrupSAjP,3.0
731,1248,1247,TbHJrupSAjP,3.0
732,1255,1254,2azQ1b91cZZ,3.0
733,1256,1255,2azQ1b91cZZ,3.0
734,1257,1256,2azQ1b91cZZ,3.0
735,1261,1260,zsNo4HB9uLZ,3.0
736,1262,1261,zsNo4HB9uLZ,3.0
737,1263,1262,zsNo4HB9uLZ,3.0
738,1264,1263,2azQ1b91cZZ,3.0
739,1265,1264,2azQ1b91cZZ,3.0
740,1266,1265,2azQ1b91cZZ,3.0
741,1270,1269,TbHJrupSAjP,3.0
742,1271,1270,TbHJrupSAjP,3.0
743,1272,1271,TbHJrupSAjP,3.0
744,1276,1275,TbHJrupSAjP,3.0
745,1277,1276,TbHJrupSAjP,3.0
746,1278,1277,TbHJrupSAjP,3.0
747,1279,1278,TbHJrupSAjP,3.0
748,1280,1279,TbHJrupSAjP,3.0
749,1281,1280,TbHJrupSAjP,3.0
750,1282,1281,TbHJrupSAjP,3.0
751,1283,1282,TbHJrupSAjP,3.0
752,1284,1283,TbHJrupSAjP,3.0
753,1285,1284,zsNo4HB9uLZ,3.0
754,1286,1285,zsNo4HB9uLZ,3.0
755,1287,1286,zsNo4HB9uLZ,3.0
756,1288,1287,2azQ1b91cZZ,3.0
757,1289,1288,2azQ1b91cZZ,3.0
758,1290,1289,2azQ1b91cZZ,3.0
759,1300,1299,Z6MFQCViBuw,3.0
760,1301,1300,Z6MFQCViBuw,3.0
761,1302,1301,Z6MFQCViBuw,3.0
762,1303,1302,EU6Fwq7SyZv,3.0
763,1304,1303,EU6Fwq7SyZv,3.0
764,1305,1304,EU6Fwq7SyZv,3.0
765,1309,1308,Z6MFQCViBuw,3.0
766,1310,1309,Z6MFQCViBuw,3.0
767,1311,1310,Z6MFQCViBuw,3.0
768,1312,1311,TbHJrupSAjP,3.0
769,1313,1312,TbHJrupSAjP,3.0
770,1314,1313,TbHJrupSAjP,3.0
771,1321,1320,zsNo4HB9uLZ,3.0
772,1322,1321,zsNo4HB9uLZ,3.0
773,1323,1322,zsNo4HB9uLZ,3.0
774,1324,1323,oLBMNvg9in8,3.0
775,1325,1324,oLBMNvg9in8,3.0
776,1326,1325,oLBMNvg9in8,3.0
777,1327,1326,QUCTc6BB5sX,3.0
778,1328,1327,QUCTc6BB5sX,3.0
779,1329,1328,QUCTc6BB5sX,3.0
780,1333,1332,zsNo4HB9uLZ,3.0
781,1334,1333,zsNo4HB9uLZ,3.0
782,1335,1334,zsNo4HB9uLZ,3.0
783,1336,1335,X7HyMhZNoso,3.0
784,1337,1336,X7HyMhZNoso,3.0
785,1338,1337,X7HyMhZNoso,3.0
786,1339,1338,2azQ1b91cZZ,3.0
787,1340,1339,2azQ1b91cZZ,3.0
788,1341,1340,2azQ1b91cZZ,3.0
789,1345,1344,QUCTc6BB5sX,3.0
790,1346,1345,QUCTc6BB5sX,3.0
791,1347,1346,QUCTc6BB5sX,3.0
792,1351,1350,QUCTc6BB5sX,3.0
793,1352,1351,QUCTc6BB5sX,3.0
794,1353,1352,QUCTc6BB5sX,3.0
795,1354,1353,zsNo4HB9uLZ,3.0
796,1355,1354,zsNo4HB9uLZ,3.0
797,1356,1355,zsNo4HB9uLZ,3.0
798,1360,1359,zsNo4HB9uLZ,3.0
799,1361,1360,zsNo4HB9uLZ,3.0
800,1362,1361,zsNo4HB9uLZ,3.0
801,1363,1362,TbHJrupSAjP,3.0
802,1364,1363,TbHJrupSAjP,3.0
803,1365,1364,TbHJrupSAjP,3.0
804,1366,1365,TbHJrupSAjP,3.0
805,1367,1366,TbHJrupSAjP,3.0
806,1368,1367,TbHJrupSAjP,3.0
807,1372,1371,2azQ1b91cZZ,3.0
808,1373,1372,2azQ1b91cZZ,3.0
809,1374,1373,2azQ1b91cZZ,3.0
810,1375,1374,zsNo4HB9uLZ,3.0
811,1376,1375,zsNo4HB9uLZ,3.0
812,1377,1376,zsNo4HB9uLZ,3.0
813,1378,1377,x8F5xyUWy9e,3.0
814,1379,1378,x8F5xyUWy9e,3.0
815,1380,1379,x8F5xyUWy9e,3.0
816,1381,1380,2azQ1b91cZZ,3.0
817,1382,1381,2azQ1b91cZZ,3.0
818,1383,1382,2azQ1b91cZZ,3.0
819,1387,1386,zsNo4HB9uLZ,3.0
820,1388,1387,zsNo4HB9uLZ,3.0
821,1389,1388,zsNo4HB9uLZ,3.0
822,1393,1392,2azQ1b91cZZ,3.0
823,1394,1393,2azQ1b91cZZ,3.0
824,1395,1394,2azQ1b91cZZ,3.0
825,1396,1395,QUCTc6BB5sX,3.0
826,1397,1396,QUCTc6BB5sX,3.0
827,1398,1397,QUCTc6BB5sX,3.0
828,1405,1404,TbHJrupSAjP,3.0
829,1406,1405,TbHJrupSAjP,3.0
830,1407,1406,TbHJrupSAjP,3.0
831,1417,1416,TbHJrupSAjP,3.0
832,1418,1417,TbHJrupSAjP,3.0
833,1419,1418,TbHJrupSAjP,3.0
834,1420,1419,QUCTc6BB5sX,3.0
835,1421,1420,QUCTc6BB5sX,3.0
836,1422,1421,QUCTc6BB5sX,3.0
837,1432,1431,2azQ1b91cZZ,3.0
838,1433,1432,2azQ1b91cZZ,3.0
839,1434,1433,2azQ1b91cZZ,3.0
840,1435,1434,zsNo4HB9uLZ,3.0
841,1436,1435,zsNo4HB9uLZ,3.0
842,1437,1436,zsNo4HB9uLZ,3.0
843,1438,1437,zsNo4HB9uLZ,3.0
844,1439,1438,zsNo4HB9uLZ,3.0
845,1440,1439,zsNo4HB9uLZ,3.0
846,1441,1440,2azQ1b91cZZ,3.0
847,1442,1441,2azQ1b91cZZ,3.0
848,1443,1442,2azQ1b91cZZ,3.0
849,1444,1443,X7HyMhZNoso,3.0
850,1445,1444,X7HyMhZNoso,3.0
851,1446,1445,X7HyMhZNoso,3.0
852,1450,1449,oLBMNvg9in8,3.0
853,1451,1450,oLBMNvg9in8,3.0
854,1452,1451,oLBMNvg9in8,3.0
855,1462,1461,QUCTc6BB5sX,3.0
856,1463,1462,QUCTc6BB5sX,3.0
857,1464,1463,QUCTc6BB5sX,3.0
858,1465,1464,QUCTc6BB5sX,3.0
859,1466,1465,QUCTc6BB5sX,3.0
860,1467,1466,QUCTc6BB5sX,3.0
861,1471,1470,2azQ1b91cZZ,3.0
862,1472,1471,2azQ1b91cZZ,3.0
863,1473,1472,2azQ1b91cZZ,3.0
864,1474,1473,zsNo4HB9uLZ,3.0
865,1475,1474,zsNo4HB9uLZ,3.0
866,1476,1475,zsNo4HB9uLZ,3.0
867,1477,1476,zsNo4HB9uLZ,3.0
868,1478,1477,zsNo4HB9uLZ,3.0
869,1479,1478,zsNo4HB9uLZ,3.0
870,1480,1479,zsNo4HB9uLZ,3.0
871,1481,1480,zsNo4HB9uLZ,3.0
872,1482,1481,zsNo4HB9uLZ,3.0
873,1486,1485,TbHJrupSAjP,3.0
874,1487,1486,TbHJrupSAjP,3.0
875,1488,1487,TbHJrupSAjP,3.0
876,1489,1488,EU6Fwq7SyZv,3.0
877,1490,1489,EU6Fwq7SyZv,3.0
878,1491,1490,EU6Fwq7SyZv,3.0
879,1498,1497,2azQ1b91cZZ,3.0
880,1499,1498,2azQ1b91cZZ,3.0
881,1500,1499,2azQ1b91cZZ,3.0
882,1501,1500,zsNo4HB9uLZ,3.0
883,1502,1501,zsNo4HB9uLZ,3.0
884,1503,1502,zsNo4HB9uLZ,3.0
885,1513,1512,QUCTc6BB5sX,3.0
886,1514,1513,QUCTc6BB5sX,3.0
887,1515,1514,QUCTc6BB5sX,3.0
888,1516,1515,EU6Fwq7SyZv,3.0
889,1517,1516,EU6Fwq7SyZv,3.0
890,1518,1517,EU6Fwq7SyZv,3.0
891,1519,1518,zsNo4HB9uLZ,3.0
892,1520,1519,zsNo4HB9uLZ,3.0
893,1521,1520,zsNo4HB9uLZ,3.0
894,1522,1521,zsNo4HB9uLZ,3.0
895,1523,1522,zsNo4HB9uLZ,3.0
896,1524,1523,zsNo4HB9uLZ,3.0
897,1525,1524,2azQ1b91cZZ,3.0
898,1526,1525,2azQ1b91cZZ,3.0
899,1527,1526,2azQ1b91cZZ,3.0
900,1528,1527,X7HyMhZNoso,3.0
901,1529,1528,X7HyMhZNoso,3.0
902,1530,1529,X7HyMhZNoso,3.0
903,1537,1536,QUCTc6BB5sX,3.0
904,1538,1537,QUCTc6BB5sX,3.0
905,1539,1538,QUCTc6BB5sX,3.0
906,1543,1542,QUCTc6BB5sX,3.0
907,1544,1543,QUCTc6BB5sX,3.0
908,1545,1544,QUCTc6BB5sX,3.0
909,1546,1545,oLBMNvg9in8,3.0
910,1547,1546,oLBMNvg9in8,3.0
911,1548,1547,oLBMNvg9in8,3.0
912,1549,1548,zsNo4HB9uLZ,3.0
913,1550,1549,zsNo4HB9uLZ,3.0
914,1551,1550,zsNo4HB9uLZ,3.0
915,1558,1557,Z6MFQCViBuw,3.0
916,1559,1558,Z6MFQCViBuw,3.0
917,1560,1559,Z6MFQCViBuw,3.0
918,1561,1560,QUCTc6BB5sX,3.0
919,1562,1561,QUCTc6BB5sX,3.0
920,1563,1562,QUCTc6BB5sX,3.0
921,1564,1563,EU6Fwq7SyZv,3.0
922,1565,1564,EU6Fwq7SyZv,3.0
923,1566,1565,EU6Fwq7SyZv,3.0
924,1567,1566,X7HyMhZNoso,3.0
925,1568,1567,X7HyMhZNoso,3.0
926,1569,1568,X7HyMhZNoso,3.0
927,1573,1572,2azQ1b91cZZ,3.0
928,1574,1573,2azQ1b91cZZ,3.0
929,1575,1574,2azQ1b91cZZ,3.0
930,1579,1578,2azQ1b91cZZ,3.0
931,1580,1579,2azQ1b91cZZ,3.0
932,1581,1580,2azQ1b91cZZ,3.0
933,1588,1587,Z6MFQCViBuw,3.0
934,1589,1588,Z6MFQCViBuw,3.0
935,1590,1589,Z6MFQCViBuw,3.0
936,1600,1599,TbHJrupSAjP,3.0
937,1601,1600,TbHJrupSAjP,3.0
938,1602,1601,TbHJrupSAjP,3.0
939,1606,1605,2azQ1b91cZZ,3.0
940,1607,1606,2azQ1b91cZZ,3.0
941,1608,1607,2azQ1b91cZZ,3.0
942,1612,1611,zsNo4HB9uLZ,3.0
943,1613,1612,zsNo4HB9uLZ,3.0
944,1614,1613,zsNo4HB9uLZ,3.0
945,1615,1614,QUCTc6BB5sX,3.0
946,1616,1615,QUCTc6BB5sX,3.0
947,1617,1616,QUCTc6BB5sX,3.0
948,1621,1620,2azQ1b91cZZ,3.0
949,1622,1621,2azQ1b91cZZ,3.0
950,1623,1622,2azQ1b91cZZ,3.0
951,1633,1632,x8F5xyUWy9e,3.0
952,1634,1633,x8F5xyUWy9e,3.0
953,1635,1634,x8F5xyUWy9e,3.0
954,1636,1635,zsNo4HB9uLZ,3.0
955,1637,1636,zsNo4HB9uLZ,3.0
956,1638,1637,zsNo4HB9uLZ,3.0
957,1639,1638,TbHJrupSAjP,3.0
958,1640,1639,TbHJrupSAjP,3.0
959,1641,1640,TbHJrupSAjP,3.0
960,1642,1641,TbHJrupSAjP,3.0
961,1643,1642,TbHJrupSAjP,3.0
962,1644,1643,TbHJrupSAjP,3.0
963,1645,1644,zsNo4HB9uLZ,3.0
964,1646,1645,zsNo4HB9uLZ,3.0
965,1647,1646,zsNo4HB9uLZ,3.0
966,1648,1647,TbHJrupSAjP,3.0
967,1649,1648,TbHJrupSAjP,3.0
968,1650,1649,TbHJrupSAjP,3.0
969,1651,1650,Z6MFQCViBuw,3.0
970,1652,1651,Z6MFQCViBuw,3.0
971,1653,1652,Z6MFQCViBuw,3.0
972,1654,1653,TbHJrupSAjP,3.0
973,1655,1654,TbHJrupSAjP,3.0
974,1656,1655,TbHJrupSAjP,3.0
975,1657,1656,Z6MFQCViBuw,3.0
976,1658,1657,Z6MFQCViBuw,3.0
977,1659,1658,Z6MFQCViBuw,3.0
978,1660,1659,TbHJrupSAjP,3.0
979,1661,1660,TbHJrupSAjP,3.0
980,1662,1661,TbHJrupSAjP,3.0
981,1678,1677,zsNo4HB9uLZ,3.0
982,1679,1678,zsNo4HB9uLZ,3.0
983,1680,1679,zsNo4HB9uLZ,3.0
984,1681,1680,zsNo4HB9uLZ,3.0
985,1682,1681,zsNo4HB9uLZ,3.0
986,1683,1682,zsNo4HB9uLZ,3.0
987,1684,1683,zsNo4HB9uLZ,3.0
988,1685,1684,zsNo4HB9uLZ,3.0
989,1686,1685,zsNo4HB9uLZ,3.0
990,1690,1689,zsNo4HB9uLZ,3.0
991,1691,1690,zsNo4HB9uLZ,3.0
992,1692,1691,zsNo4HB9uLZ,3.0
993,1699,1698,QUCTc6BB5sX,3.0
994,1700,1699,QUCTc6BB5sX,3.0
995,1701,1700,QUCTc6BB5sX,3.0
996,1705,1704,QUCTc6BB5sX,3.0
997,1706,1705,QUCTc6BB5sX,3.0
998,1707,1706,QUCTc6BB5sX,3.0
999,1708,1707,TbHJrupSAjP,3.0
1000,1709,1708,TbHJrupSAjP,3.0
1001,1710,1709,TbHJrupSAjP,3.0
1002,1711,1710,TbHJrupSAjP,3.0
1003,1712,1711,TbHJrupSAjP,3.0
1004,1713,1712,TbHJrupSAjP,3.0
1005,1714,1713,2azQ1b91cZZ,3.0
1006,1715,1714,2azQ1b91cZZ,3.0
1007,1716,1715,2azQ1b91cZZ,3.0
1008,1717,1716,QUCTc6BB5sX,3.0
1009,1718,1717,QUCTc6BB5sX,3.0
1010,1719,1718,QUCTc6BB5sX,3.0
1011,1720,1719,zsNo4HB9uLZ,3.0
1012,1721,1720,zsNo4HB9uLZ,3.0
1013,1722,1721,zsNo4HB9uLZ,3.0
1014,1723,1722,QUCTc6BB5sX,3.0
1015,1724,1723,QUCTc6BB5sX,3.0
1016,1725,1724,QUCTc6BB5sX,3.0
1017,1729,1728,2azQ1b91cZZ,3.0
1018,1730,1729,2azQ1b91cZZ,3.0
1019,1731,1730,2azQ1b91cZZ,3.0
1020,1738,1737,X7HyMhZNoso,3.0
1021,1739,1738,X7HyMhZNoso,3.0
1022,1740,1739,X7HyMhZNoso,3.0
1023,1741,1740,QUCTc6BB5sX,3.0
1024,1742,1741,QUCTc6BB5sX,3.0
1025,1743,1742,QUCTc6BB5sX,3.0
1026,1747,1746,oLBMNvg9in8,3.0
1027,1748,1747,oLBMNvg9in8,3.0
1028,1749,1748,oLBMNvg9in8,3.0
1029,1750,1749,QUCTc6BB5sX,3.0
1030,1751,1750,QUCTc6BB5sX,3.0
1031,1752,1751,QUCTc6BB5sX,3.0
1032,1753,1752,zsNo4HB9uLZ,3.0
1033,1754,1753,zsNo4HB9uLZ,3.0
1034,1755,1754,zsNo4HB9uLZ,3.0
1035,1756,1755,2azQ1b91cZZ,3.0
1036,1757,1756,2azQ1b91cZZ,3.0
1037,1758,1757,2azQ1b91cZZ,3.0
1038,1759,1758,X7HyMhZNoso,3.0
1039,1760,1759,X7HyMhZNoso,3.0
1040,1761,1760,X7HyMhZNoso,3.0
1041,1765,1764,zsNo4HB9uLZ,3.0
1042,1766,1765,zsNo4HB9uLZ,3.0
1043,1767,1766,zsNo4HB9uLZ,3.0
1044,1768,1767,2azQ1b91cZZ,3.0
1045,1769,1768,2azQ1b91cZZ,3.0
1046,1770,1769,2azQ1b91cZZ,3.0
1047,1771,1770,zsNo4HB9uLZ,3.0
1048,1772,1771,zsNo4HB9uLZ,3.0
1049,1773,1772,zsNo4HB9uLZ,3.0
1050,1777,1776,pLe4wQe7qrG,3.0
1051,1778,1777,pLe4wQe7qrG,3.0
1052,1779,1778,pLe4wQe7qrG,3.0
1053,1783,1782,QUCTc6BB5sX,3.0
1054,1784,1783,QUCTc6BB5sX,3.0
1055,1785,1784,QUCTc6BB5sX,3.0
1056,1789,1788,TbHJrupSAjP,3.0
1057,1790,1789,TbHJrupSAjP,3.0
1058,1791,1790,TbHJrupSAjP,3.0
1059,1795,1794,X7HyMhZNoso,3.0
1060,1796,1795,X7HyMhZNoso,3.0
1061,1797,1796,X7HyMhZNoso,3.0
1062,1801,1800,2azQ1b91cZZ,3.0
1063,1802,1801,2azQ1b91cZZ,3.0
1064,1803,1802,2azQ1b91cZZ,3.0
1065,1804,1803,QUCTc6BB5sX,3.0
1066,1805,1804,QUCTc6BB5sX,3.0
1067,1806,1805,QUCTc6BB5sX,3.0
1068,1807,1806,zsNo4HB9uLZ,3.0
1069,1808,1807,zsNo4HB9uLZ,3.0
1070,1809,1808,zsNo4HB9uLZ,3.0
1071,1819,1818,Z6MFQCViBuw,3.0
1072,1820,1819,Z6MFQCViBuw,3.0
1073,1821,1820,Z6MFQCViBuw,3.0
1074,1831,1830,oLBMNvg9in8,3.0
1075,1832,1831,oLBMNvg9in8,3.0
1076,1833,1832,oLBMNvg9in8,3.0
