label	start	end	seconds	rc	command
validate_E_matterport_idx0_cz025	2026-10-01T23:40:12-06:00	2026-10-01T23:40:34-06:00	22	0	(cwd NaVILA-Bench, env vlnce-isaac) python /home/boosterk1/Projects/k1_research/airc2027_walking/scripts/walk_check.py --num_envs=1 --checkpoint=/home/boosterk1/Projects/k1_research/checkpoints/model_14498.pt --gait_phase_init=0.0 --headless --enable_cameras --task=k1_matterport_vision --mode validate --robot E --episode_idx=0 --cam_z=0.25 --out /home/boosterk1/Projects/k1_research/airc2027_walking/logs/validation/E_matterport_idx0_cz025_init50
T_stand_r1	2026-10-01T23:40:54-06:00	2026-10-01T23:42:04-06:00	70	0	(cwd NaVILA-Bench, env vlnce-isaac) python /home/boosterk1/Projects/k1_research/airc2027_walking/scripts/walk_check.py --num_envs=1 --checkpoint=/home/boosterk1/Projects/k1_research/checkpoints/model_14498.pt --gait_phase_init=0.0 --headless --enable_cameras --task=k1_walkcheck_plane_T --mode trial --robot T --trial stand --rep 1 --episode_idx=0 --cam_z=0.25 --out /home/boosterk1/Projects/k1_research/airc2027_walking/logs/states/T_stand_r1
E_stand_r1	2026-10-01T23:42:04-06:00	2026-10-01T23:43:05-06:00	61	0	(cwd NaVILA-Bench, env vlnce-isaac) python /home/boosterk1/Projects/k1_research/airc2027_walking/scripts/walk_check.py --num_envs=1 --checkpoint=/home/boosterk1/Projects/k1_research/checkpoints/model_14498.pt --gait_phase_init=0.0 --headless --enable_cameras --task=k1_walkcheck_plane_E --mode trial --robot E --trial stand --rep 1 --episode_idx=0 --cam_z=0.25 --out /home/boosterk1/Projects/k1_research/airc2027_walking/logs/states/E_stand_r1
E_forward_r1	2026-10-01T23:43:05-06:00	2026-10-01T23:44:06-06:00	61	0	(cwd NaVILA-Bench, env vlnce-isaac) python /home/boosterk1/Projects/k1_research/airc2027_walking/scripts/walk_check.py --num_envs=1 --checkpoint=/home/boosterk1/Projects/k1_research/checkpoints/model_14498.pt --gait_phase_init=0.0 --headless --enable_cameras --task=k1_walkcheck_plane_E --mode trial --robot E --trial forward --rep 1 --episode_idx=0 --cam_z=0.25 --out /home/boosterk1/Projects/k1_research/airc2027_walking/logs/states/E_forward_r1
T_forward_r1	2026-10-01T23:44:06-06:00	2026-10-01T23:45:13-06:00	67	0	(cwd NaVILA-Bench, env vlnce-isaac) python /home/boosterk1/Projects/k1_research/airc2027_walking/scripts/walk_check.py --num_envs=1 --checkpoint=/home/boosterk1/Projects/k1_research/checkpoints/model_14498.pt --gait_phase_init=0.0 --headless --enable_cameras --task=k1_walkcheck_plane_T --mode trial --robot T --trial forward --rep 1 --episode_idx=0 --cam_z=0.25 --out /home/boosterk1/Projects/k1_research/airc2027_walking/logs/states/T_forward_r1
E_turn_left_r1	2026-10-01T23:45:13-06:00	2026-10-01T23:46:15-06:00	62	0	(cwd NaVILA-Bench, env vlnce-isaac) python /home/boosterk1/Projects/k1_research/airc2027_walking/scripts/walk_check.py --num_envs=1 --checkpoint=/home/boosterk1/Projects/k1_research/checkpoints/model_14498.pt --gait_phase_init=0.0 --headless --enable_cameras --task=k1_walkcheck_plane_E --mode trial --robot E --trial turn_left --rep 1 --episode_idx=0 --cam_z=0.25 --out /home/boosterk1/Projects/k1_research/airc2027_walking/logs/states/E_turn_left_r1
T_turn_left_r1	2026-10-01T23:46:16-06:00	2026-10-01T23:47:23-06:00	67	0	(cwd NaVILA-Bench, env vlnce-isaac) python /home/boosterk1/Projects/k1_research/airc2027_walking/scripts/walk_check.py --num_envs=1 --checkpoint=/home/boosterk1/Projects/k1_research/checkpoints/model_14498.pt --gait_phase_init=0.0 --headless --enable_cameras --task=k1_walkcheck_plane_T --mode trial --robot T --trial turn_left --rep 1 --episode_idx=0 --cam_z=0.25 --out /home/boosterk1/Projects/k1_research/airc2027_walking/logs/states/T_turn_left_r1
E_turn_right_r1	2026-10-01T23:47:23-06:00	2026-10-01T23:48:25-06:00	62	0	(cwd NaVILA-Bench, env vlnce-isaac) python /home/boosterk1/Projects/k1_research/airc2027_walking/scripts/walk_check.py --num_envs=1 --checkpoint=/home/boosterk1/Projects/k1_research/checkpoints/model_14498.pt --gait_phase_init=0.0 --headless --enable_cameras --task=k1_walkcheck_plane_E --mode trial --robot E --trial turn_right --rep 1 --episode_idx=0 --cam_z=0.25 --out /home/boosterk1/Projects/k1_research/airc2027_walking/logs/states/E_turn_right_r1
T_turn_right_r1	2026-10-01T23:48:25-06:00	2026-10-01T23:49:32-06:00	67	0	(cwd NaVILA-Bench, env vlnce-isaac) python /home/boosterk1/Projects/k1_research/airc2027_walking/scripts/walk_check.py --num_envs=1 --checkpoint=/home/boosterk1/Projects/k1_research/checkpoints/model_14498.pt --gait_phase_init=0.0 --headless --enable_cameras --task=k1_walkcheck_plane_T --mode trial --robot T --trial turn_right --rep 1 --episode_idx=0 --cam_z=0.25 --out /home/boosterk1/Projects/k1_research/airc2027_walking/logs/states/T_turn_right_r1
E_sequence_r1	2026-10-01T23:49:33-06:00	2026-10-01T23:51:20-06:00	107	0	(cwd NaVILA-Bench, env vlnce-isaac) python /home/boosterk1/Projects/k1_research/airc2027_walking/scripts/walk_check.py --num_envs=1 --checkpoint=/home/boosterk1/Projects/k1_research/checkpoints/model_14498.pt --gait_phase_init=0.0 --headless --enable_cameras --task=k1_walkcheck_plane_E --mode trial --robot E --trial sequence --rep 1 --episode_idx=0 --cam_z=0.25 --out /home/boosterk1/Projects/k1_research/airc2027_walking/logs/states/E_sequence_r1
T_sequence_r1	2026-10-01T23:51:20-06:00	2026-10-01T23:53:20-06:00	120	0	(cwd NaVILA-Bench, env vlnce-isaac) python /home/boosterk1/Projects/k1_research/airc2027_walking/scripts/walk_check.py --num_envs=1 --checkpoint=/home/boosterk1/Projects/k1_research/checkpoints/model_14498.pt --gait_phase_init=0.0 --headless --enable_cameras --task=k1_walkcheck_plane_T --mode trial --robot T --trial sequence --rep 1 --episode_idx=0 --cam_z=0.25 --out /home/boosterk1/Projects/k1_research/airc2027_walking/logs/states/T_sequence_r1
E_stand_r2	2026-10-01T23:53:20-06:00	2026-10-01T23:54:22-06:00	62	0	(cwd NaVILA-Bench, env vlnce-isaac) python /home/boosterk1/Projects/k1_research/airc2027_walking/scripts/walk_check.py --num_envs=1 --checkpoint=/home/boosterk1/Projects/k1_research/checkpoints/model_14498.pt --gait_phase_init=0.0 --headless --enable_cameras --task=k1_walkcheck_plane_E --mode trial --robot E --trial stand --rep 2 --episode_idx=0 --cam_z=0.25 --out /home/boosterk1/Projects/k1_research/airc2027_walking/logs/states/E_stand_r2
T_stand_r2	2026-10-01T23:54:22-06:00	2026-10-01T23:55:31-06:00	69	0	(cwd NaVILA-Bench, env vlnce-isaac) python /home/boosterk1/Projects/k1_research/airc2027_walking/scripts/walk_check.py --num_envs=1 --checkpoint=/home/boosterk1/Projects/k1_research/checkpoints/model_14498.pt --gait_phase_init=0.0 --headless --enable_cameras --task=k1_walkcheck_plane_T --mode trial --robot T --trial stand --rep 2 --episode_idx=0 --cam_z=0.25 --out /home/boosterk1/Projects/k1_research/airc2027_walking/logs/states/T_stand_r2
E_forward_r2	2026-10-01T23:55:31-06:00	2026-10-01T23:56:32-06:00	61	0	(cwd NaVILA-Bench, env vlnce-isaac) python /home/boosterk1/Projects/k1_research/airc2027_walking/scripts/walk_check.py --num_envs=1 --checkpoint=/home/boosterk1/Projects/k1_research/checkpoints/model_14498.pt --gait_phase_init=0.0 --headless --enable_cameras --task=k1_walkcheck_plane_E --mode trial --robot E --trial forward --rep 2 --episode_idx=0 --cam_z=0.25 --out /home/boosterk1/Projects/k1_research/airc2027_walking/logs/states/E_forward_r2
T_forward_r2	2026-10-01T23:56:33-06:00	2026-10-01T23:57:41-06:00	68	0	(cwd NaVILA-Bench, env vlnce-isaac) python /home/boosterk1/Projects/k1_research/airc2027_walking/scripts/walk_check.py --num_envs=1 --checkpoint=/home/boosterk1/Projects/k1_research/checkpoints/model_14498.pt --gait_phase_init=0.0 --headless --enable_cameras --task=k1_walkcheck_plane_T --mode trial --robot T --trial forward --rep 2 --episode_idx=0 --cam_z=0.25 --out /home/boosterk1/Projects/k1_research/airc2027_walking/logs/states/T_forward_r2
E_turn_left_r2	2026-10-01T23:57:41-06:00	2026-10-01T23:58:42-06:00	61	0	(cwd NaVILA-Bench, env vlnce-isaac) python /home/boosterk1/Projects/k1_research/airc2027_walking/scripts/walk_check.py --num_envs=1 --checkpoint=/home/boosterk1/Projects/k1_research/checkpoints/model_14498.pt --gait_phase_init=0.0 --headless --enable_cameras --task=k1_walkcheck_plane_E --mode trial --robot E --trial turn_left --rep 2 --episode_idx=0 --cam_z=0.25 --out /home/boosterk1/Projects/k1_research/airc2027_walking/logs/states/E_turn_left_r2
T_turn_left_r2	2026-10-01T23:58:42-06:00	2026-10-01T23:59:50-06:00	68	0	(cwd NaVILA-Bench, env vlnce-isaac) python /home/boosterk1/Projects/k1_research/airc2027_walking/scripts/walk_check.py --num_envs=1 --checkpoint=/home/boosterk1/Projects/k1_research/checkpoints/model_14498.pt --gait_phase_init=0.0 --headless --enable_cameras --task=k1_walkcheck_plane_T --mode trial --robot T --trial turn_left --rep 2 --episode_idx=0 --cam_z=0.25 --out /home/boosterk1/Projects/k1_research/airc2027_walking/logs/states/T_turn_left_r2
E_turn_right_r2	2026-10-01T23:59:51-06:00	2026-10-02T00:00:52-06:00	61	0	(cwd NaVILA-Bench, env vlnce-isaac) python /home/boosterk1/Projects/k1_research/airc2027_walking/scripts/walk_check.py --num_envs=1 --checkpoint=/home/boosterk1/Projects/k1_research/checkpoints/model_14498.pt --gait_phase_init=0.0 --headless --enable_cameras --task=k1_walkcheck_plane_E --mode trial --robot E --trial turn_right --rep 2 --episode_idx=0 --cam_z=0.25 --out /home/boosterk1/Projects/k1_research/airc2027_walking/logs/states/E_turn_right_r2
T_turn_right_r2	2026-10-02T00:00:53-06:00	2026-10-02T00:02:00-06:00	67	0	(cwd NaVILA-Bench, env vlnce-isaac) python /home/boosterk1/Projects/k1_research/airc2027_walking/scripts/walk_check.py --num_envs=1 --checkpoint=/home/boosterk1/Projects/k1_research/checkpoints/model_14498.pt --gait_phase_init=0.0 --headless --enable_cameras --task=k1_walkcheck_plane_T --mode trial --robot T --trial turn_right --rep 2 --episode_idx=0 --cam_z=0.25 --out /home/boosterk1/Projects/k1_research/airc2027_walking/logs/states/T_turn_right_r2
E_sequence_r2	2026-10-02T00:02:01-06:00	2026-10-02T00:03:47-06:00	106	0	(cwd NaVILA-Bench, env vlnce-isaac) python /home/boosterk1/Projects/k1_research/airc2027_walking/scripts/walk_check.py --num_envs=1 --checkpoint=/home/boosterk1/Projects/k1_research/checkpoints/model_14498.pt --gait_phase_init=0.0 --headless --enable_cameras --task=k1_walkcheck_plane_E --mode trial --robot E --trial sequence --rep 2 --episode_idx=0 --cam_z=0.25 --out /home/boosterk1/Projects/k1_research/airc2027_walking/logs/states/E_sequence_r2
T_sequence_r2	2026-10-02T00:03:48-06:00	2026-10-02T00:05:47-06:00	119	0	(cwd NaVILA-Bench, env vlnce-isaac) python /home/boosterk1/Projects/k1_research/airc2027_walking/scripts/walk_check.py --num_envs=1 --checkpoint=/home/boosterk1/Projects/k1_research/checkpoints/model_14498.pt --gait_phase_init=0.0 --headless --enable_cameras --task=k1_walkcheck_plane_T --mode trial --robot T --trial sequence --rep 2 --episode_idx=0 --cam_z=0.25 --out /home/boosterk1/Projects/k1_research/airc2027_walking/logs/states/T_sequence_r2
