arm,label,n,successes,failures,n_timeout,timeout_pct,sr_itt_pct,sr_completed_pct,n_completed,shift_pp,notes
stretchA,stretch (replicate A),300,45,255,20,6.6667,15.0000,16.0714,280,+1.0714,"ITT (timeout=failure) is the PREFERRED estimate. sr_completed is a SENSITIVITY ANALYSIS ONLY: it drops timed-out episodes, which are plausibly the harder/slower episodes, so dropping them inflates SR (shift_pp is positive for every arm here, consistent with that bias)."
stretchB,stretch (replicate B),300,48,252,22,7.3333,16.0000,17.2662,278,+1.2662,"ITT (timeout=failure) is the PREFERRED estimate. sr_completed is a SENSITIVITY ANALYSIS ONLY: it drops timed-out episodes, which are plausibly the harder/slower episodes, so dropping them inflates SR (shift_pp is positive for every arm here, consistent with that bias)."
crop,crop,300,50,250,6,2.0000,16.6667,17.0068,294,+0.3401,"ITT (timeout=failure) is the PREFERRED estimate. sr_completed is a SENSITIVITY ANALYSIS ONLY: it drops timed-out episodes, which are plausibly the harder/slower episodes, so dropping them inflates SR (shift_pp is positive for every arm here, consistent with that bias)."
pad,pad,300,40,260,37,12.3333,13.3333,15.2091,263,+1.8758,"ITT (timeout=failure) is the PREFERRED estimate. sr_completed is a SENSITIVITY ANALYSIS ONLY: it drops timed-out episodes, which are plausibly the harder/slower episodes, so dropping them inflates SR (shift_pp is positive for every arm here, consistent with that bias)."
h060,camera 0.60 m,200,23,177,10,5.0000,11.5000,12.1053,190,+0.6053,"ITT (timeout=failure) is the PREFERRED estimate. sr_completed is a SENSITIVITY ANALYSIS ONLY: it drops timed-out episodes, which are plausibly the harder/slower episodes, so dropping them inflates SR (shift_pp is positive for every arm here, consistent with that bias)."
h078,camera 0.78 m,200,25,175,13,6.5000,12.5000,13.3690,187,+0.8690,"ITT (timeout=failure) is the PREFERRED estimate. sr_completed is a SENSITIVITY ANALYSIS ONLY: it drops timed-out episodes, which are plausibly the harder/slower episodes, so dropping them inflates SR (shift_pp is positive for every arm here, consistent with that bias)."
h095,camera 0.95 m,200,37,163,9,4.5000,18.5000,19.3717,191,+0.8717,"ITT (timeout=failure) is the PREFERRED estimate. sr_completed is a SENSITIVITY ANALYSIS ONLY: it drops timed-out episodes, which are plausibly the harder/slower episodes, so dropping them inflates SR (shift_pp is positive for every arm here, consistent with that bias)."
h110,camera 1.10 m,200,26,174,6,3.0000,13.0000,13.4021,194,+0.4021,"ITT (timeout=failure) is the PREFERRED estimate. sr_completed is a SENSITIVITY ANALYSIS ONLY: it drops timed-out episodes, which are plausibly the harder/slower episodes, so dropping them inflates SR (shift_pp is positive for every arm here, consistent with that bias)."
h130,camera 1.30 m,200,30,170,15,7.5000,15.0000,16.2162,185,+1.2162,"ITT (timeout=failure) is the PREFERRED estimate. sr_completed is a SENSITIVITY ANALYSIS ONLY: it drops timed-out episodes, which are plausibly the harder/slower episodes, so dropping them inflates SR (shift_pp is positive for every arm here, consistent with that bias)."
h150,camera 1.50 m,200,29,171,13,6.5000,14.5000,15.5080,187,+1.0080,"ITT (timeout=failure) is the PREFERRED estimate. sr_completed is a SENSITIVITY ANALYSIS ONLY: it drops timed-out episodes, which are plausibly the harder/slower episodes, so dropping them inflates SR (shift_pp is positive for every arm here, consistent with that bias)."
