arm,n,successes,n_timeout,sr_itt_pct,lower_bound_pct,upper_bound_pct,bound_width_pp,notes
stretchA,300,45,20,15.0000,15.0000,21.6667,6.6667,Partial-identification bounds over full n: lower = succ/n assumes every timed-out episode would have failed; upper = (succ+timeout)/n assumes every timed-out episode would have succeeded. lower_bound_pct == sr_itt_pct by construction (both count all timeouts as failures).
stretchB,300,48,22,16.0000,16.0000,23.3333,7.3333,Partial-identification bounds over full n: lower = succ/n assumes every timed-out episode would have failed; upper = (succ+timeout)/n assumes every timed-out episode would have succeeded. lower_bound_pct == sr_itt_pct by construction (both count all timeouts as failures).
crop,300,50,6,16.6667,16.6667,18.6667,2.0000,Partial-identification bounds over full n: lower = succ/n assumes every timed-out episode would have failed; upper = (succ+timeout)/n assumes every timed-out episode would have succeeded. lower_bound_pct == sr_itt_pct by construction (both count all timeouts as failures).
pad,300,40,37,13.3333,13.3333,25.6667,12.3333,Partial-identification bounds over full n: lower = succ/n assumes every timed-out episode would have failed; upper = (succ+timeout)/n assumes every timed-out episode would have succeeded. lower_bound_pct == sr_itt_pct by construction (both count all timeouts as failures).
h060,200,23,10,11.5000,11.5000,16.5000,5.0000,Partial-identification bounds over full n: lower = succ/n assumes every timed-out episode would have failed; upper = (succ+timeout)/n assumes every timed-out episode would have succeeded. lower_bound_pct == sr_itt_pct by construction (both count all timeouts as failures).
h078,200,25,13,12.5000,12.5000,19.0000,6.5000,Partial-identification bounds over full n: lower = succ/n assumes every timed-out episode would have failed; upper = (succ+timeout)/n assumes every timed-out episode would have succeeded. lower_bound_pct == sr_itt_pct by construction (both count all timeouts as failures).
h095,200,37,9,18.5000,18.5000,23.0000,4.5000,Partial-identification bounds over full n: lower = succ/n assumes every timed-out episode would have failed; upper = (succ+timeout)/n assumes every timed-out episode would have succeeded. lower_bound_pct == sr_itt_pct by construction (both count all timeouts as failures).
h110,200,26,6,13.0000,13.0000,16.0000,3.0000,Partial-identification bounds over full n: lower = succ/n assumes every timed-out episode would have failed; upper = (succ+timeout)/n assumes every timed-out episode would have succeeded. lower_bound_pct == sr_itt_pct by construction (both count all timeouts as failures).
h130,200,30,15,15.0000,15.0000,22.5000,7.5000,Partial-identification bounds over full n: lower = succ/n assumes every timed-out episode would have failed; upper = (succ+timeout)/n assumes every timed-out episode would have succeeded. lower_bound_pct == sr_itt_pct by construction (both count all timeouts as failures).
h150,200,29,13,14.5000,14.5000,21.0000,6.5000,Partial-identification bounds over full n: lower = succ/n assumes every timed-out episode would have failed; upper = (succ+timeout)/n assumes every timed-out episode would have succeeded. lower_bound_pct == sr_itt_pct by construction (both count all timeouts as failures).
