p1,n_per_arm,alpha,power,mde_pp,implied_p2,relative_effect,method,notes
0.15000,50,0.05,0.8,24.6803,0.39680,1.6454,unpooled-variance z-test (bisection),"p1_stretchA_0.15: stretchA transform-arm SR (45/300 = 0.1500 exactly) -- the operative rate in this study's transform-sweep regime; formula: unpooled-variance two-proportion power/MDE, alpha=0.05, power=0.80, solved for d via bisection (see module docstring)"
0.15000,100,0.05,0.8,16.6579,0.31658,1.1105,unpooled-variance z-test (bisection),"p1_stretchA_0.15: stretchA transform-arm SR (45/300 = 0.1500 exactly) -- the operative rate in this study's transform-sweep regime; formula: unpooled-variance two-proportion power/MDE, alpha=0.05, power=0.80, solved for d via bisection (see module docstring)"
0.15000,200,0.05,0.8,11.3081,0.26308,0.7539,unpooled-variance z-test (bisection),"p1_stretchA_0.15: stretchA transform-arm SR (45/300 = 0.1500 exactly) -- the operative rate in this study's transform-sweep regime; formula: unpooled-variance two-proportion power/MDE, alpha=0.05, power=0.80, solved for d via bisection (see module docstring)"
0.15000,300,0.05,0.8,9.0496,0.24050,0.6033,unpooled-variance z-test (bisection),"p1_stretchA_0.15: stretchA transform-arm SR (45/300 = 0.1500 exactly) -- the operative rate in this study's transform-sweep regime; formula: unpooled-variance two-proportion power/MDE, alpha=0.05, power=0.80, solved for d via bisection (see module docstring)"
0.15000,500,0.05,0.8,6.8621,0.21862,0.4575,unpooled-variance z-test (bisection),"p1_stretchA_0.15: stretchA transform-arm SR (45/300 = 0.1500 exactly) -- the operative rate in this study's transform-sweep regime; formula: unpooled-variance two-proportion power/MDE, alpha=0.05, power=0.80, solved for d via bisection (see module docstring)"
0.15000,750,0.05,0.8,5.5250,0.20525,0.3683,unpooled-variance z-test (bisection),"p1_stretchA_0.15: stretchA transform-arm SR (45/300 = 0.1500 exactly) -- the operative rate in this study's transform-sweep regime; formula: unpooled-variance two-proportion power/MDE, alpha=0.05, power=0.80, solved for d via bisection (see module docstring)"
0.15000,1000,0.05,0.8,4.7441,0.19744,0.3163,unpooled-variance z-test (bisection),"p1_stretchA_0.15: stretchA transform-arm SR (45/300 = 0.1500 exactly) -- the operative rate in this study's transform-sweep regime; formula: unpooled-variance two-proportion power/MDE, alpha=0.05, power=0.80, solved for d via bisection (see module docstring)"
0.15000,1500,0.05,0.8,3.8337,0.18834,0.2556,unpooled-variance z-test (bisection),"p1_stretchA_0.15: stretchA transform-arm SR (45/300 = 0.1500 exactly) -- the operative rate in this study's transform-sweep regime; formula: unpooled-variance two-proportion power/MDE, alpha=0.05, power=0.80, solved for d via bisection (see module docstring)"
0.15000,2000,0.05,0.8,3.2994,0.18299,0.2200,unpooled-variance z-test (bisection),"p1_stretchA_0.15: stretchA transform-arm SR (45/300 = 0.1500 exactly) -- the operative rate in this study's transform-sweep regime; formula: unpooled-variance two-proportion power/MDE, alpha=0.05, power=0.80, solved for d via bisection (see module docstring)"
0.18292,50,0.05,0.8,25.6346,0.43926,1.4014,unpooled-variance z-test (bisection),"p1_baseline_0.18: computed full-benchmark baseline SR (pc.load_baseline(), 197/1077 = 0.18292, ~0.18 per the task brief); formula: unpooled-variance two-proportion power/MDE, alpha=0.05, power=0.80, solved for d via bisection (see module docstring)"
0.18292,100,0.05,0.8,17.4943,0.35786,0.9564,unpooled-variance z-test (bisection),"p1_baseline_0.18: computed full-benchmark baseline SR (pc.load_baseline(), 197/1077 = 0.18292, ~0.18 per the task brief); formula: unpooled-variance two-proportion power/MDE, alpha=0.05, power=0.80, solved for d via bisection (see module docstring)"
0.18292,200,0.05,0.8,11.9772,0.30269,0.6548,unpooled-variance z-test (bisection),"p1_baseline_0.18: computed full-benchmark baseline SR (pc.load_baseline(), 197/1077 = 0.18292, ~0.18 per the task brief); formula: unpooled-variance two-proportion power/MDE, alpha=0.05, power=0.80, solved for d via bisection (see module docstring)"
0.18292,300,0.05,0.8,9.6226,0.27914,0.5261,unpooled-variance z-test (bisection),"p1_baseline_0.18: computed full-benchmark baseline SR (pc.load_baseline(), 197/1077 = 0.18292, ~0.18 per the task brief); formula: unpooled-variance two-proportion power/MDE, alpha=0.05, power=0.80, solved for d via bisection (see module docstring)"
0.18292,500,0.05,0.8,7.3258,0.25617,0.4005,unpooled-variance z-test (bisection),"p1_baseline_0.18: computed full-benchmark baseline SR (pc.load_baseline(), 197/1077 = 0.18292, ~0.18 per the task brief); formula: unpooled-variance two-proportion power/MDE, alpha=0.05, power=0.80, solved for d via bisection (see module docstring)"
0.18292,750,0.05,0.8,5.9134,0.24205,0.3233,unpooled-variance z-test (bisection),"p1_baseline_0.18: computed full-benchmark baseline SR (pc.load_baseline(), 197/1077 = 0.18292, ~0.18 per the task brief); formula: unpooled-variance two-proportion power/MDE, alpha=0.05, power=0.80, solved for d via bisection (see module docstring)"
0.18292,1000,0.05,0.8,5.0853,0.23377,0.2780,unpooled-variance z-test (bisection),"p1_baseline_0.18: computed full-benchmark baseline SR (pc.load_baseline(), 197/1077 = 0.18292, ~0.18 per the task brief); formula: unpooled-variance two-proportion power/MDE, alpha=0.05, power=0.80, solved for d via bisection (see module docstring)"
0.18292,1500,0.05,0.8,4.1170,0.22409,0.2251,unpooled-variance z-test (bisection),"p1_baseline_0.18: computed full-benchmark baseline SR (pc.load_baseline(), 197/1077 = 0.18292, ~0.18 per the task brief); formula: unpooled-variance two-proportion power/MDE, alpha=0.05, power=0.80, solved for d via bisection (see module docstring)"
0.18292,2000,0.05,0.8,3.5470,0.21839,0.1939,unpooled-variance z-test (bisection),"p1_baseline_0.18: computed full-benchmark baseline SR (pc.load_baseline(), 197/1077 = 0.18292, ~0.18 per the task brief); formula: unpooled-variance two-proportion power/MDE, alpha=0.05, power=0.80, solved for d via bisection (see module docstring)"
0.15000,300,0.05,0.8,9.0496,0.24050,0.6033,unpooled-variance z-test (bisection),actual per-arm n used for transform arms (this study) in this study
0.15000,200,0.05,0.8,11.3081,0.26308,0.7539,unpooled-variance z-test (bisection),actual per-arm n used for height arms (this study) in this study
0.15000,906,0.05,0.8,5.0000,0.20000,0.3333,unpooled-variance z-test (bisection on n),"derived block: minimum n per arm to detect a fixed 5pp absolute difference at power=0.80, alpha=0.05, p1=0.15"
0.15000,5274,0.05,0.8,2.0000,0.17000,0.1333,unpooled-variance z-test (bisection on n),"derived block: minimum n per arm to detect a fixed 2pp absolute difference at power=0.80, alpha=0.05, p1=0.15"
