arm,label,priority,n,successes,n_scenes,sr_pct,wilson_lo_pct,wilson_hi_pct,wilson_width_pp,episode_boot_lo_pct,episode_boot_hi_pct,episode_boot_width_pp,scene_boot_lo_pct,scene_boot_hi_pct,scene_boot_width_pp,width_ratio_scene_over_wilson,icc,icc_truncated,mbar,deff,n_eff,notes
stretchA,stretch (replicate A),primary,300,45,8,15.0000,11.4032,19.4818,8.0785,11.0000,19.0000,8.0000,10.4868,19.9077,9.4209,1.1662,0.0275,0.0275,34.1829,1.9136,156.77,"k=8 scenes, sizes range 9-84; ICC/DEFF/n_eff are INDICATIVE ONLY -- with k=8 clusters they have very wide sampling uncertainty; the scene-bootstrap CI (directly observable) is the headline result, not these derived quantities."
stretchB,stretch (replicate B),primary,300,48,8,16.0000,12.2854,20.5744,8.2890,12.0000,20.3333,8.3333,8.6022,24.0749,15.4728,1.8667,0.1002,0.1002,34.1829,4.3258,69.35,"k=8 scenes, sizes range 9-84; ICC/DEFF/n_eff are INDICATIVE ONLY -- with k=8 clusters they have very wide sampling uncertainty; the scene-bootstrap CI (directly observable) is the headline result, not these derived quantities."
crop,crop,primary,300,50,8,16.6667,12.8765,21.2997,8.4231,12.6667,21.0000,8.3333,11.9995,19.9187,7.9192,0.9402,0.0195,0.0195,34.1829,1.6458,182.28,"k=8 scenes, sizes range 9-84; ICC/DEFF/n_eff are INDICATIVE ONLY -- with k=8 clusters they have very wide sampling uncertainty; the scene-bootstrap CI (directly observable) is the headline result, not these derived quantities."
pad,pad,primary,300,40,8,13.3333,9.9466,17.6472,7.7005,9.6667,17.3333,7.6667,5.7471,21.9298,16.1827,2.1015,0.2091,0.2091,34.1829,7.9395,37.79,"k=8 scenes, sizes range 9-84; ICC/DEFF/n_eff are INDICATIVE ONLY -- with k=8 clusters they have very wide sampling uncertainty; the scene-bootstrap CI (directly observable) is the headline result, not these derived quantities."
h060,camera 0.60 m,secondary,200,23,8,11.5000,7.7864,16.6647,8.8783,7.5000,16.0000,8.5000,8.1481,14.0000,5.8519,0.6591,-0.0153,0.0000,22.1400,1.0000,200.00,"k=8 scenes, sizes range 3-60; ICC/DEFF/n_eff are INDICATIVE ONLY -- with k=8 clusters they have very wide sampling uncertainty; the scene-bootstrap CI (directly observable) is the headline result, not these derived quantities. Raw ICC estimate is negative (method-of-moments artifact: between-scene mean square fell below within-scene mean square in this finite sample, which is possible and does not imply negative true dependence); truncated to 0 for DEFF/n_eff, consistent with ICC>=0 for a random-effects clustering model."
h078,camera 0.78 m,secondary,200,25,8,12.5000,8.6120,17.8014,9.1895,8.0000,17.5000,9.5000,6.3584,20.7101,14.3517,1.5618,0.0550,0.0550,22.1400,2.1624,92.49,"k=8 scenes, sizes range 3-60; ICC/DEFF/n_eff are INDICATIVE ONLY -- with k=8 clusters they have very wide sampling uncertainty; the scene-bootstrap CI (directly observable) is the headline result, not these derived quantities."
h095,camera 0.95 m,secondary,200,37,8,18.5000,13.7302,24.4571,10.7269,13.5000,24.0000,10.5000,13.3333,23.0769,9.7436,0.9083,0.0131,0.0131,22.1400,1.2773,156.58,"k=8 scenes, sizes range 3-60; ICC/DEFF/n_eff are INDICATIVE ONLY -- with k=8 clusters they have very wide sampling uncertainty; the scene-bootstrap CI (directly observable) is the headline result, not these derived quantities."
h110,camera 1.10 m,secondary,200,26,8,13.0000,9.0282,18.3664,9.3381,8.5000,18.0000,9.5000,8.6957,16.9492,8.2535,0.8838,-0.0044,0.0000,22.1400,1.0000,200.00,"k=8 scenes, sizes range 3-60; ICC/DEFF/n_eff are INDICATIVE ONLY -- with k=8 clusters they have very wide sampling uncertainty; the scene-bootstrap CI (directly observable) is the headline result, not these derived quantities. Raw ICC estimate is negative (method-of-moments artifact: between-scene mean square fell below within-scene mean square in this finite sample, which is possible and does not imply negative true dependence); truncated to 0 for DEFF/n_eff, consistent with ICC>=0 for a random-effects clustering model."
h130,camera 1.30 m,secondary,200,30,8,15.0000,10.7136,20.6056,9.8920,10.0000,20.0000,10.0000,8.7076,20.0000,11.2924,1.1416,0.0032,0.0032,22.1400,1.0675,187.35,"k=8 scenes, sizes range 3-60; ICC/DEFF/n_eff are INDICATIVE ONLY -- with k=8 clusters they have very wide sampling uncertainty; the scene-bootstrap CI (directly observable) is the headline result, not these derived quantities."
h150,camera 1.50 m,secondary,200,29,8,14.5000,10.2894,20.0487,9.7593,9.5000,19.5000,10.0000,8.1761,21.1838,13.0077,1.3328,0.0224,0.0224,22.1400,1.4745,135.64,"k=8 scenes, sizes range 3-60; ICC/DEFF/n_eff are INDICATIVE ONLY -- with k=8 clusters they have very wide sampling uncertainty; the scene-bootstrap CI (directly observable) is the headline result, not these derived quantities."
