arm,scene,n_episodes,successes,sr_pct
stretchA,zsNo4HB9uLZ,84,15,17.8571
stretchA,2azQ1b91cZZ,81,8,9.8765
stretchA,QUCTc6BB5sX,57,10,17.5439
stretchA,TbHJrupSAjP,24,4,16.6667
stretchA,EU6Fwq7SyZv,18,1,5.5556
stretchA,X7HyMhZNoso,15,0,0.0000
stretchA,x8F5xyUWy9e,12,3,25.0000
stretchA,Z6MFQCViBuw,9,4,44.4444
stretchB,zsNo4HB9uLZ,84,19,22.6190
stretchB,2azQ1b91cZZ,81,4,4.9383
stretchB,QUCTc6BB5sX,57,10,17.5439
stretchB,TbHJrupSAjP,24,5,20.8333
stretchB,EU6Fwq7SyZv,18,2,11.1111
stretchB,X7HyMhZNoso,15,0,0.0000
stretchB,x8F5xyUWy9e,12,2,16.6667
stretchB,Z6MFQCViBuw,9,6,66.6667
crop,zsNo4HB9uLZ,84,14,16.6667
crop,2azQ1b91cZZ,81,15,18.5185
crop,QUCTc6BB5sX,57,11,19.2982
crop,TbHJrupSAjP,24,4,16.6667
crop,EU6Fwq7SyZv,18,0,0.0000
crop,X7HyMhZNoso,15,2,13.3333
crop,x8F5xyUWy9e,12,0,0.0000
crop,Z6MFQCViBuw,9,4,44.4444
pad,zsNo4HB9uLZ,84,17,20.2381
pad,2azQ1b91cZZ,81,7,8.6420
pad,QUCTc6BB5sX,57,7,12.2807
pad,TbHJrupSAjP,24,1,4.1667
pad,EU6Fwq7SyZv,18,0,0.0000
pad,X7HyMhZNoso,15,0,0.0000
pad,x8F5xyUWy9e,12,0,0.0000
pad,Z6MFQCViBuw,9,8,88.8889
h060,2azQ1b91cZZ,60,7,11.6667
h060,zsNo4HB9uLZ,57,8,14.0351
h060,QUCTc6BB5sX,42,4,9.5238
h060,X7HyMhZNoso,12,0,0.0000
h060,TbHJrupSAjP,11,2,18.1818
h060,x8F5xyUWy9e,9,1,11.1111
h060,EU6Fwq7SyZv,6,0,0.0000
h060,Z6MFQCViBuw,3,1,33.3333
h078,2azQ1b91cZZ,60,3,5.0000
h078,zsNo4HB9uLZ,57,7,12.2807
h078,QUCTc6BB5sX,42,9,21.4286
h078,X7HyMhZNoso,12,1,8.3333
h078,TbHJrupSAjP,11,4,36.3636
h078,x8F5xyUWy9e,9,0,0.0000
h078,EU6Fwq7SyZv,6,0,0.0000
h078,Z6MFQCViBuw,3,1,33.3333
h095,2azQ1b91cZZ,60,9,15.0000
h095,zsNo4HB9uLZ,57,14,24.5614
h095,QUCTc6BB5sX,42,8,19.0476
h095,X7HyMhZNoso,12,1,8.3333
h095,TbHJrupSAjP,11,2,18.1818
h095,x8F5xyUWy9e,9,1,11.1111
h095,EU6Fwq7SyZv,6,0,0.0000
h095,Z6MFQCViBuw,3,2,66.6667
h110,2azQ1b91cZZ,60,6,10.0000
h110,zsNo4HB9uLZ,57,10,17.5439
h110,QUCTc6BB5sX,42,5,11.9048
h110,X7HyMhZNoso,12,2,16.6667
h110,TbHJrupSAjP,11,3,27.2727
h110,x8F5xyUWy9e,9,0,0.0000
h110,EU6Fwq7SyZv,6,0,0.0000
h110,Z6MFQCViBuw,3,0,0.0000
h130,2azQ1b91cZZ,60,4,6.6667
h130,zsNo4HB9uLZ,57,12,21.0526
h130,QUCTc6BB5sX,42,8,19.0476
h130,X7HyMhZNoso,12,2,16.6667
h130,TbHJrupSAjP,11,2,18.1818
h130,x8F5xyUWy9e,9,1,11.1111
h130,EU6Fwq7SyZv,6,0,0.0000
h130,Z6MFQCViBuw,3,1,33.3333
h150,2azQ1b91cZZ,60,6,10.0000
h150,zsNo4HB9uLZ,57,14,24.5614
h150,QUCTc6BB5sX,42,5,11.9048
h150,X7HyMhZNoso,12,0,0.0000
h150,TbHJrupSAjP,11,2,18.1818
h150,x8F5xyUWy9e,9,0,0.0000
h150,EU6Fwq7SyZv,6,1,16.6667
h150,Z6MFQCViBuw,3,1,33.3333
