episode_idx,condition,condition_name,request,logged_reply,sends,own_reply_count,distribution,request_sha_ok,requests_identical
3,cond1,simulator loaded,ep3_A_q003,The next action is move forward 25 cm.,20,20,"{""The next action is move forward 25 cm."": 20}",True,False
3,cond1,simulator loaded,ep3_B_q003,The next action is turn right 15 degree.,20,20,"{""The next action is turn right 15 degree."": 20}",True,False
3,cond2,server alone,ep3_A_q003,The next action is move forward 25 cm.,20,20,"{""The next action is move forward 25 cm."": 20}",True,False
3,cond2,server alone,ep3_B_q003,The next action is turn right 15 degree.,20,20,"{""The next action is turn right 15 degree."": 20}",True,False
3,cond3,restarted server,ep3_A_q003,The next action is move forward 25 cm.,20,20,"{""The next action is move forward 25 cm."": 20}",True,False
3,cond3,restarted server,ep3_B_q003,The next action is turn right 15 degree.,20,20,"{""The next action is turn right 15 degree."": 20}",True,False
8,cond1,simulator loaded,ep8_A_q006,The next action is turn right 15 degree.,20,20,"{""The next action is turn right 15 degree."": 20}",True,False
8,cond1,simulator loaded,ep8_B_q006,The next action is move forward 25 cm.,20,20,"{""The next action is move forward 25 cm."": 20}",True,False
8,cond2,server alone,ep8_A_q006,The next action is turn right 15 degree.,20,20,"{""The next action is turn right 15 degree."": 20}",True,False
8,cond2,server alone,ep8_B_q006,The next action is move forward 25 cm.,20,20,"{""The next action is move forward 25 cm."": 20}",True,False
8,cond3,restarted server,ep8_A_q006,The next action is turn right 15 degree.,20,20,"{""The next action is turn right 15 degree."": 20}",True,False
8,cond3,restarted server,ep8_B_q006,The next action is move forward 25 cm.,20,20,"{""The next action is move forward 25 cm."": 20}",True,False
16,cond1,simulator loaded,ep16_A_q020,The next action is turn right 45 degree.,20,20,"{""The next action is turn right 45 degree."": 20}",True,False
16,cond1,simulator loaded,ep16_B_q020,The next action is move forward 25 cm.,20,20,"{""The next action is move forward 25 cm."": 20}",True,False
16,cond2,server alone,ep16_A_q020,The next action is turn right 45 degree.,20,20,"{""The next action is turn right 45 degree."": 20}",True,False
16,cond2,server alone,ep16_B_q020,The next action is move forward 25 cm.,20,20,"{""The next action is move forward 25 cm."": 20}",True,False
16,cond3,restarted server,ep16_A_q020,The next action is turn right 45 degree.,20,20,"{""The next action is turn right 45 degree."": 20}",True,False
16,cond3,restarted server,ep16_B_q020,The next action is move forward 25 cm.,20,20,"{""The next action is move forward 25 cm."": 20}",True,False
20,cond1,simulator loaded,ep20_A_q004,The next action is turn left 30 degree.,20,20,"{""The next action is turn left 30 degree."": 20}",True,False
20,cond1,simulator loaded,ep20_B_q004,The next action is turn left 45 degree.,20,20,"{""The next action is turn left 45 degree."": 20}",True,False
20,cond2,server alone,ep20_A_q004,The next action is turn left 30 degree.,20,20,"{""The next action is turn left 30 degree."": 20}",True,False
20,cond2,server alone,ep20_B_q004,The next action is turn left 45 degree.,20,20,"{""The next action is turn left 45 degree."": 20}",True,False
20,cond3,restarted server,ep20_A_q004,The next action is turn left 30 degree.,20,20,"{""The next action is turn left 30 degree."": 20}",True,False
20,cond3,restarted server,ep20_B_q004,The next action is turn left 45 degree.,20,20,"{""The next action is turn left 45 degree."": 20}",True,False
50,cond1,simulator loaded,ep50_A_q051,The next action is turn right 15 degree.,20,20,"{""The next action is turn right 15 degree."": 20}",True,False
50,cond1,simulator loaded,ep50_B_q051,The next action is turn left 45 degree.,20,20,"{""The next action is turn left 45 degree."": 20}",True,False
50,cond2,server alone,ep50_A_q051,The next action is turn right 15 degree.,20,20,"{""The next action is turn right 15 degree."": 20}",True,False
50,cond2,server alone,ep50_B_q051,The next action is turn left 45 degree.,20,20,"{""The next action is turn left 45 degree."": 20}",True,False
50,cond3,restarted server,ep50_A_q051,The next action is turn right 15 degree.,20,20,"{""The next action is turn right 15 degree."": 20}",True,False
50,cond3,restarted server,ep50_B_q051,The next action is turn left 45 degree.,20,20,"{""The next action is turn left 45 degree."": 20}",True,False
99,cond1,simulator loaded,ep99_A_q011,The next action is turn right 15 degree.,20,20,"{""The next action is turn right 15 degree."": 20}",True,False
99,cond1,simulator loaded,ep99_B_q011,The next action is move forward 25 cm.,20,20,"{""The next action is move forward 25 cm."": 20}",True,False
99,cond2,server alone,ep99_A_q011,The next action is turn right 15 degree.,20,20,"{""The next action is turn right 15 degree."": 20}",True,False
99,cond2,server alone,ep99_B_q011,The next action is move forward 25 cm.,20,20,"{""The next action is move forward 25 cm."": 20}",True,False
99,cond3,restarted server,ep99_A_q011,The next action is turn right 15 degree.,20,20,"{""The next action is turn right 15 degree."": 20}",True,False
99,cond3,restarted server,ep99_B_q011,The next action is move forward 25 cm.,20,20,"{""The next action is move forward 25 cm."": 20}",True,False
92,cond1,simulator loaded,ep92_A_q010,The next action is turn right 15 degree.,20,20,"{""The next action is turn right 15 degree."": 20}",True,False
92,cond1,simulator loaded,ep92_B_q010,The next action is turn right 30 degree.,20,20,"{""The next action is turn right 30 degree."": 20}",True,False
92,cond2,server alone,ep92_A_q010,The next action is turn right 15 degree.,20,20,"{""The next action is turn right 15 degree."": 20}",True,False
92,cond2,server alone,ep92_B_q010,The next action is turn right 30 degree.,20,20,"{""The next action is turn right 30 degree."": 20}",True,False
92,cond3,restarted server,ep92_A_q010,The next action is turn right 15 degree.,20,20,"{""The next action is turn right 15 degree."": 20}",True,False
92,cond3,restarted server,ep92_B_q010,The next action is turn right 30 degree.,20,20,"{""The next action is turn right 30 degree."": 20}",True,False
212,cond1,simulator loaded,ep212_A_q013,The next action is move forward 75 cm.,20,20,"{""The next action is move forward 75 cm."": 20}",True,False
212,cond1,simulator loaded,ep212_B_q013,The next action is move forward 25 cm.,20,20,"{""The next action is move forward 25 cm."": 20}",True,False
212,cond2,server alone,ep212_A_q013,The next action is move forward 75 cm.,20,20,"{""The next action is move forward 75 cm."": 20}",True,False
212,cond2,server alone,ep212_B_q013,The next action is move forward 25 cm.,20,20,"{""The next action is move forward 25 cm."": 20}",True,False
212,cond3,restarted server,ep212_A_q013,The next action is move forward 75 cm.,20,20,"{""The next action is move forward 75 cm."": 20}",True,False
212,cond3,restarted server,ep212_B_q013,The next action is move forward 25 cm.,20,20,"{""The next action is move forward 25 cm."": 20}",True,False
