episode_idx,slot,k_A,k_X,label_A,label_X,frame_sha_same,png_sha_same,max_abs_diff,mean_abs_diff,share_channels_differ,share_pixels_differ
3,1,0,0,init,init,False,False,11,0.15828197337962963,0.15587022569444445,0.3738921440972222
3,2,1,1,w24,w24,False,False,9,0.15410662615740742,0.15276765046296295,0.3721061197916667
3,3,3,3,w74,w74,False,False,4,0.15589445891203704,0.15528175636574074,0.3795616319444444
3,4,5,5,w124,w124,False,False,4,0.18558702256944445,0.18333297164351853,0.4331467013888889
3,5,7,7,w174,w174,False,False,4,0.20647786458333334,0.2004072627314815,0.45840711805555556
3,6,9,9,0,0,False,False,4,0.22086263020833333,0.21064670138888889,0.47333658854166666
3,7,11,11,50,50,False,False,5,0.14360279224537037,0.14308666087962962,0.34433702256944443
3,8,13,13,100,100,False,False,8,0.15701244212962964,0.15528971354166668,0.3570963541666667
8,1,0,0,init,init,False,False,12,0.16952003761574075,0.1641623263888889,0.3608713107638889
8,2,4,4,w99,w99,False,False,3,0.15501880787037037,0.15412398726851853,0.3637348090277778
8,3,8,8,w199,w199,False,False,3,0.15385416666666665,0.15316297743055557,0.36404188368055557
8,4,12,12,75,75,False,False,17,0.16205258969907407,0.1575929542824074,0.3435883246527778
8,5,17,17,200,200,False,False,11,0.16178819444444445,0.15582935474537038,0.3358713107638889
8,6,21,21,300,300,False,False,19,0.13940176504629628,0.13438838252314814,0.2972547743055556
8,7,25,25,400,400,False,False,16,0.11639286747685185,0.11392578125,0.26216471354166665
8,8,30,30,525,525,False,False,11,0.12397135416666667,0.12250940393518518,0.28422743055555555
16,1,0,0,init,init,False,False,8,0.08284830729166667,0.08245985243055555,0.2167068142361111
16,2,11,11,50,50,False,False,6,0.09038519965277778,0.0891648582175926,0.22196940104166665
16,3,23,23,350,350,False,False,5,0.10741319444444444,0.10695421006944444,0.26568684895833333
16,4,34,34,625,625,False,False,7,0.10742513020833333,0.10679542824074074,0.2684407552083333
16,5,46,46,925,925,False,False,15,0.10816080729166666,0.10691984953703704,0.2678049045138889
16,6,57,57,1200,1200,False,False,6,0.09758282696759259,0.09695276331018518,0.24576714409722222
16,7,69,69,1500,1500,False,False,10,0.12520724826388888,0.12373734085648148,0.2970193142361111
16,8,81,81,1800,1800,False,False,8,0.11355794270833333,0.11172272858796296,0.26753038194444445
20,1,0,0,init,init,False,False,10,0.16892939814814814,0.16803819444444446,0.40338758680555553
20,2,2,2,w49,w49,False,False,4,0.166455078125,0.16610785590277777,0.40758246527777775
20,3,5,5,w124,w124,False,False,3,0.17171115451388888,0.17122938368055557,0.41878797743055557
20,4,8,8,w199,w199,False,False,4,0.19493019386574073,0.19249240451388888,0.4553407118055556
20,5,11,11,50,50,False,False,3,0.15081633391203703,0.1506611689814815,0.362802734375
20,6,14,14,125,125,False,False,3,0.143916015625,0.14379991319444443,0.353115234375
20,7,17,17,200,200,False,False,7,0.14035481770833333,0.140126953125,0.3457400173611111
20,8,20,20,275,275,False,False,12,0.1359248408564815,0.1350535300925926,0.32973524305555557
50,1,0,0,init,init,False,False,26,0.16198386863425926,0.15726164641203705,0.3532986111111111
50,2,32,32,575,575,False,False,11,0.16426396122685186,0.1599754050925926,0.34701171875
50,3,65,65,1400,1400,False,False,21,0.17010380497685185,0.16546079282407408,0.3579318576388889
50,4,97,97,2200,2200,False,False,8,0.1424974681712963,0.13950086805555556,0.31609700520833334
50,5,130,130,3025,3025,False,False,9,0.15116608796296296,0.14699327256944444,0.32469075520833335
50,6,162,162,3825,3825,False,False,65,0.9744737413194444,0.25361147280092594,0.3349739583333333
50,7,195,195,4650,4650,False,False,13,0.12865849247685185,0.12737955729166667,0.3033767361111111
50,8,228,228,5475,5475,False,False,7,0.1303660300925926,0.12861617476851853,0.306015625
99,1,0,0,init,init,False,False,39,0.126044921875,0.12288917824074073,0.3031640625
99,2,5,5,w124,w124,False,False,3,0.12516276041666666,0.12506691261574074,0.32046332465277777
99,3,10,10,25,25,False,False,9,0.13330656828703705,0.1303587962962963,0.3012651909722222
99,4,15,15,150,150,False,False,6,0.11046694155092593,0.10925455729166667,0.2654264322916667
99,5,21,21,300,300,False,False,6,0.10383897569444445,0.10288302951388889,0.2495236545138889
99,6,26,26,425,425,False,False,7,0.1445460792824074,0.14276186342592592,0.3257465277777778
99,7,31,31,550,550,False,False,5,0.12393952546296297,0.12252423321759259,0.28820638020833333
99,8,37,37,700,700,False,False,5,0.10234157986111111,0.10175708912037038,0.25310004340277775
92,1,0,0,init,init,False,False,31,0.12556242766203704,0.12223307291666667,0.3004828559027778
92,2,5,5,w124,w124,False,False,3,0.12448929398148148,0.12439453125,0.31965928819444445
92,3,10,10,25,25,False,False,10,0.12638057002314815,0.12394205729166667,0.29036783854166665
92,4,15,15,150,150,False,False,9,0.11210177951388889,0.11076244212962963,0.2688107638888889
92,5,20,20,275,275,False,False,6,0.09669958043981482,0.09554144965277778,0.23316731770833332
92,6,25,25,400,400,False,False,6,0.12033890335648148,0.11899739583333334,0.2800640190972222
92,7,30,30,525,525,False,False,13,0.13351671006944443,0.13170319733796296,0.30231987847222225
92,8,35,35,650,650,False,False,8,0.11681098090277778,0.11557798032407407,0.2763205295138889
212,1,0,0,init,init,False,False,13,0.1737550636574074,0.16762225115740742,0.3631684027777778
212,2,6,6,w149,w149,False,False,4,0.14436378761574073,0.14359447337962963,0.3411187065972222
212,3,13,13,100,100,False,False,8,0.15489330150462963,0.1524363425925926,0.33459309895833333
212,4,20,20,275,275,False,False,24,0.15065538194444444,0.14858579282407408,0.3295822482638889
212,5,26,26,425,425,False,False,6,0.15767216435185186,0.1549048755787037,0.340615234375
212,6,33,33,600,600,False,False,11,0.1502220775462963,0.14765335648148148,0.32842990451388887
212,7,40,40,775,775,False,False,5,0.13374927662037037,0.13237630208333334,0.30773220486111114
212,8,47,47,950,950,False,False,10,0.15190719039351852,0.14948640046296297,0.33772026909722225
