episode_idx,pair,i,step_A,step_X,request_same,reply_same,state_at_query_same
3,A vs B,0,0,0,False,True,True
3,A vs B,1,37,37,False,True,True
3,A vs B,2,78,78,False,True,True
3,A vs B,3,109,109,False,False,True
3,A vs B,4,141,141,False,False,False
3,A vs B,5,173,170,False,False,False
3,A vs B,6,210,263,False,False,False
3,A vs B,7,348,348,False,False,False
3,A vs B,8,397,442,False,True,False
3,A vs B,9,496,543,False,True,False
3,A vs B,10,580,626,False,True,False
3,A vs B,11,673,711,False,False,False
3,A vs B,12,761,745,False,False,False
3,A vs B,13,848,784,False,False,False
3,A vs B,14,891,863,False,True,False
3,A vs B,15,923,903,False,False,False
8,A vs B,0,0,0,False,True,True
8,A vs B,1,93,93,False,True,True
8,A vs B,2,179,179,False,True,True
8,A vs B,3,267,267,False,True,True
8,A vs B,4,359,359,False,True,True
8,A vs B,5,444,444,False,True,True
8,A vs B,6,530,530,False,False,True
8,A vs B,7,559,564,False,False,False
8,A vs B,8,651,598,False,False,False
8,A vs B,9,745,631,False,False,False
8,A vs B,10,868,669,False,False,False
8,A vs B,11,926,707,False,False,False
8,A vs B,12,1039,741,False,False,False
8,A vs B,13,1106,771,False,False,False
8,A vs B,14,1218,807,False,False,False
8,A vs B,15,1492,836,False,False,False
16,A vs B,0,0,0,False,True,True
16,A vs B,1,30,30,False,True,True
16,A vs B,2,129,129,False,True,True
16,A vs B,3,169,169,False,True,True
16,A vs B,4,299,299,False,True,True
16,A vs B,5,607,607,False,True,True
16,A vs B,6,707,707,False,True,True
16,A vs B,7,754,754,False,True,True
16,A vs B,8,791,791,False,True,True
16,A vs B,9,836,836,False,True,True
16,A vs B,10,886,886,False,True,True
16,A vs B,11,920,920,False,True,True
16,A vs B,12,989,989,False,True,True
16,A vs B,13,1122,1122,False,True,True
16,A vs B,14,1213,1213,False,True,True
16,A vs B,15,1284,1284,False,True,True
16,A vs B,16,1337,1337,False,True,True
16,A vs B,17,1364,1364,False,True,True
16,A vs B,18,1672,1672,False,True,True
16,A vs B,19,1753,1753,False,True,True
16,A vs B,20,1807,1807,False,False,True
16,A vs B,21,1886,1915,False,False,False
16,A vs B,22,2038,2008,False,False,False
16,A vs B,23,2079,2036,False,False,False
20,A vs B,0,0,0,False,True,True
20,A vs B,1,39,39,False,True,True
20,A vs B,2,118,118,False,True,True
20,A vs B,3,197,197,False,True,True
20,A vs B,4,277,277,False,False,True
20,A vs B,5,329,355,False,False,False
20,A vs B,6,361,437,False,False,False
20,A vs B,7,438,467,False,False,False
20,A vs B,8,469,521,False,False,False
20,A vs B,9,523,552,False,False,False
20,A vs B,10,554,646,False,False,False
20,A vs B,11,646,679,False,False,False
20,A vs B,12,734,710,False,False,False
20,A vs B,13,763,797,False,True,False
20,A vs B,14,856,883,False,True,False
20,A vs B,15,940,981,False,False,False
20,A vs B,16,1033,1018,False,True,False
20,A vs B,17,1141,1059,False,False,False
20,A vs B,18,1259,1367,False,False,False
50,A vs B,0,0,0,False,True,True
50,A vs B,1,40,40,False,True,True
50,A vs B,2,81,81,False,True,True
50,A vs B,3,137,137,False,True,True
50,A vs B,4,369,369,False,True,True
50,A vs B,5,535,535,False,True,True
50,A vs B,6,574,574,False,True,True
50,A vs B,7,602,602,False,True,True
50,A vs B,8,718,718,False,True,True
50,A vs B,9,825,825,False,True,True
50,A vs B,10,853,853,False,True,True
50,A vs B,11,949,949,False,True,True
50,A vs B,12,1243,1243,False,True,True
50,A vs B,13,1322,1322,False,True,True
50,A vs B,14,1401,1401,False,True,True
50,A vs B,15,1535,1535,False,True,True
50,A vs B,16,1636,1636,False,True,True
50,A vs B,17,1728,1728,False,True,True
50,A vs B,18,1774,1774,False,True,True
50,A vs B,19,1934,1934,False,True,True
50,A vs B,20,2056,2056,False,True,True
50,A vs B,21,2102,2102,False,True,True
50,A vs B,22,2139,2139,False,True,True
50,A vs B,23,2236,2236,False,True,True
50,A vs B,24,2264,2264,False,True,True
50,A vs B,25,2357,2357,False,True,True
50,A vs B,26,2442,2442,False,True,True
50,A vs B,27,2528,2528,False,True,True
50,A vs B,28,2615,2615,False,True,True
50,A vs B,29,2711,2711,False,True,True
50,A vs B,30,2800,2800,False,True,True
50,A vs B,31,2893,2893,False,True,True
50,A vs B,32,2977,2977,False,True,True
50,A vs B,33,3062,3062,False,True,True
50,A vs B,34,3155,3155,False,True,True
50,A vs B,35,3243,3243,False,True,True
50,A vs B,36,3328,3328,False,True,True
50,A vs B,37,3563,3563,False,True,True
50,A vs B,38,3642,3642,False,True,True
50,A vs B,39,3681,3681,False,True,True
50,A vs B,40,3862,3862,False,True,True
50,A vs B,41,3977,3977,False,True,True
50,A vs B,42,4017,4017,False,True,True
50,A vs B,43,4248,4248,False,True,True
50,A vs B,44,4395,4395,False,True,True
50,A vs B,45,4580,4580,False,True,True
50,A vs B,46,4715,4715,False,True,True
50,A vs B,47,4883,4883,False,True,True
50,A vs B,48,5015,5015,False,True,True
50,A vs B,49,5209,5209,False,True,True
50,A vs B,50,5319,5319,False,True,True
50,A vs B,51,5482,5482,False,False,True
50,A vs B,52,5539,5563,False,False,False
50,A vs B,53,5622,5785,False,False,False
50,A vs B,54,5733,5885,False,True,False
99,A vs B,0,0,0,False,True,True
99,A vs B,1,80,80,False,True,True
99,A vs B,2,170,170,False,True,True
99,A vs B,3,208,208,False,True,True
99,A vs B,4,243,243,False,True,True
99,A vs B,5,276,276,False,True,True
99,A vs B,6,305,305,False,True,True
99,A vs B,7,399,399,False,True,True
99,A vs B,8,491,491,False,True,True
99,A vs B,9,573,573,False,True,True
99,A vs B,10,665,665,False,True,True
99,A vs B,11,724,724,False,False,True
99,A vs B,12,753,761,False,True,False
99,A vs B,13,848,846,False,False,False
99,A vs B,14,893,902,False,False,False
99,A vs B,15,933,1022,False,False,False
99,A vs B,16,988,1330,False,False,False
99,A vs B,17,1296,1410,False,False,False
99,A vs B,18,1393,1518,False,False,False
99,A vs B,19,1701,1547,False,True,False
99,A vs B,20,1797,1629,False,True,False
99,A vs B,21,1865,1686,False,False,False
99,A vs B,22,1973,1788,False,False,False
99,A vs B,23,2002,1947,False,False,False
92,A vs B,0,0,0,False,True,True
92,A vs B,1,80,80,False,True,True
92,A vs B,2,170,170,False,True,True
92,A vs B,3,208,208,False,True,True
92,A vs B,4,243,243,False,True,True
92,A vs B,5,276,276,False,True,True
92,A vs B,6,305,305,False,True,True
92,A vs B,7,399,399,False,True,True
92,A vs B,8,491,491,False,True,True
92,A vs B,9,573,573,False,True,True
92,A vs B,10,665,665,False,False,True
92,A vs B,11,700,724,False,False,False
92,A vs B,12,729,816,False,True,False
92,A vs B,13,824,926,False,False,False
212,A vs B,0,0,0,False,True,True
212,A vs B,1,93,93,False,True,True
212,A vs B,2,176,176,False,True,True
212,A vs B,3,262,262,False,True,True
212,A vs B,4,352,352,False,True,True
212,A vs B,5,443,443,False,True,True
212,A vs B,6,535,535,False,True,True
212,A vs B,7,628,628,False,True,True
212,A vs B,8,661,661,False,True,True
212,A vs B,9,693,693,False,True,True
212,A vs B,10,721,721,False,True,True
212,A vs B,11,755,755,False,True,True
212,A vs B,12,848,848,False,True,True
212,A vs B,13,954,954,False,False,True
212,A vs B,14,1049,994,False,True,False
