max_abs_diff,mean_abs_diff,share_channels_differ,share_pixels_differ,episode_idx,k,label,fresh_equals_A
13,0.16042570891203703,0.15828052662037037,0.3784765625,3,0,init,False
9,0.15903718171296297,0.15751772280092594,0.38126085069444443,3,1,w24,False
12,0.146064453125,0.14492621527777777,0.3534516059027778,3,2,w49,False
6,0.15653428819444445,0.15585792824074074,0.38024305555555554,3,3,w74,False
5,0.17313404224537038,0.17189959490740742,0.41148328993055555,3,4,w99,False
4,0.1905418113425926,0.18826352719907408,0.4426345486111111,3,5,w124,False
5,0.19984266493055555,0.1956181278935185,0.45302842881944444,3,6,w149,False
4,0.2071683304398148,0.20109013310185186,0.4604296875,3,7,w174,False
5,0.2205005787037037,0.210322265625,0.47305555555555556,3,8,w199,False
5,0.22055302372685184,0.21023509837962964,0.4727517361111111,3,9,0,False
5,0.14854781539351852,0.14773799189814815,0.34957899305555556,3,10,25,False
4,0.16755967881944445,0.16676323784722222,0.38587456597222225,3,11,50,False
7,0.1995992476851852,0.19601598668981482,0.4209809027777778,3,12,75,False
12,0.15692238136574074,0.15499602141203703,0.35766493055555554,3,13,100,False
5,0.1528862847222222,0.15161385995370372,0.35492404513888887,3,14,125,False
8,0.16027416087962962,0.15915870949074074,0.3664594184027778,3,15,150,False
6,0.20282696759259258,0.2007400173611111,0.42951171875,3,16,175,False
8,0.18127531828703702,0.1787449363425926,0.399677734375,3,17,200,False
11,0.43099211516203706,0.33498444733796295,0.5472829861111111,3,18,225,False
12,0.17551830150462963,0.17381184895833332,0.39032009548611113,3,19,250,False
4,0.16205114293981482,0.16116608796296297,0.37487087673611114,3,20,275,False
7,0.15559425636574073,0.15461841724537037,0.36427408854166665,3,21,300,False
5,0.18371527777777777,0.1820945457175926,0.404658203125,3,22,325,False
13,0.1696535011574074,0.16756763599537036,0.37817491319444446,3,23,350,False
13,0.17274631076388888,0.17160517939814815,0.39190755208333333,3,24,375,False
7,0.15913447627314814,0.15829246238425926,0.37078450520833334,3,25,400,False
11,0.18258608217592592,0.18098849826388888,0.40583550347222225,3,26,425,False
9,0.16892867476851853,0.16723668981481482,0.38314344618055557,3,27,450,False
5,0.1657371238425926,0.16428493923611112,0.3794769965277778,3,28,475,False
5,0.17073169849537037,0.1694162326388889,0.3881304253472222,3,29,500,False
9,0.23872142650462963,0.2320457175925926,0.46327256944444445,3,30,525,False
7,0.18133825231481482,0.17983109085648147,0.4100922309027778,3,31,550,False
7,0.16681423611111112,0.16543511284722223,0.3800998263888889,3,32,575,False
22,0.1733742042824074,0.17020073784722223,0.38671766493055554,3,33,600,False
23,0.24735134548611112,0.23954499421296296,0.4674164496527778,3,34,625,False
6,0.17622902199074075,0.1747146267361111,0.39509765625,3,35,650,False
6,0.18568576388888888,0.18376953125,0.41028862847222225,3,36,675,False
8,0.16301866319444444,0.16164785879629628,0.37556315104166665,3,37,700,False
9,0.1931495949074074,0.19137803819444443,0.420146484375,3,38,725,False
8,0.15777090567129629,0.15663990162037036,0.3669075520833333,3,39,750,False
7,0.1787330005787037,0.17737919560185186,0.39966905381944445,3,40,775,False
13,0.19050202546296297,0.18883101851851852,0.4107530381944444,3,41,800,False
8,0.22406720196759258,0.2198394097222222,0.4424858940972222,3,42,825,False
12,0.17026186342592592,0.16860640914351852,0.38182942708333334,3,43,850,False
9,0.15576208043981482,0.1548115596064815,0.3614637586805556,3,44,875,False
8,0.16332609953703703,0.1620142505787037,0.37333984375,3,45,900,False
8,0.1777224392361111,0.17621563946759258,0.3969140625,3,46,925,False
17,0.15677445023148148,0.15495912905092593,0.3615234375,3,47,950,False
9,0.21446795428240742,0.21233615451388888,0.4309125434027778,3,48,975,False
13,0.18768012152777777,0.18569878472222223,0.3981521267361111,3,49,1000,False
12,0.16368308738425927,0.16013563368055556,0.357421875,8,0,init,False
5,0.15448206018518518,0.15304144965277777,0.3545366753472222,8,1,w24,False
5,0.15473126446759258,0.15361653645833334,0.35972981770833334,8,2,w49,False
4,0.15526982060185185,0.1543511284722222,0.36319444444444443,8,3,w74,False
3,0.15456995081018518,0.15376338252314814,0.36328776041666666,8,4,w99,False
3,0.15456163194444444,0.15384403935185184,0.365068359375,8,5,w124,False
6,0.15759440104166667,0.15680121527777777,0.37135308159722225,8,6,w149,False
4,0.15560221354166667,0.154873046875,0.3676898871527778,8,7,w174,False
4,0.15409288194444445,0.1534107349537037,0.3647330729166667,8,8,w199,False
3,0.1541724537037037,0.1535080295138889,0.36505533854166666,8,9,0,False
9,0.1560959201388889,0.15252387152777777,0.3399207899305556,8,10,25,False
11,0.14808412905092594,0.14457103587962963,0.3192632378472222,8,11,50,False
12,0.17399811921296296,0.16945493344907409,0.36049370659722224,8,12,75,False
12,0.1932960792824074,0.18497540509259258,0.37422417534722224,8,13,100,False
15,0.30673972800925925,0.26798972800925924,0.45256727430555554,8,14,125,False
10,0.1621705005787037,0.15809353298611112,0.3396050347222222,8,15,150,False
19,0.15392614293981483,0.14989908854166667,0.3261957465277778,8,16,175,False
16,0.15646375868055556,0.150517578125,0.32696940104166666,8,17,200,False
18,0.2218109809027778,0.2079828559027778,0.3956022135416667,8,18,225,False
8,0.1309035011574074,0.12712999131944444,0.28107313368055553,8,19,250,False
8,0.1837109375,0.1763715277777778,0.3607085503472222,8,20,275,False
24,0.14063404224537038,0.1347728587962963,0.2973980034722222,8,21,300,False
9,0.22584635416666668,0.21246708622685184,0.3940505642361111,8,22,325,False
15,0.12279984085648148,0.12037868923611111,0.2744021267361111,8,23,350,False
13,0.1193041087962963,0.11665436921296296,0.267236328125,8,24,375,False
17,0.11828559027777778,0.11574435763888889,0.26574110243055554,8,25,400,False
7,0.12055121527777778,0.11849030671296296,0.27121961805555556,8,26,425,False
6,0.11175419560185185,0.11062680844907408,0.2609494357638889,8,27,450,False
17,0.116083984375,0.11502459490740741,0.27347113715277777,8,28,475,False
7,0.11856083622685185,0.11712275752314814,0.27636827256944446,8,29,500,False
16,0.13231807002314816,0.1307935474537037,0.3017078993055556,8,30,525,False
6,0.11757595486111111,0.11643482349537038,0.2750954861111111,8,31,550,False
6,0.11941623263888888,0.1185959201388889,0.2803548177083333,8,32,575,False
29,0.13636537905092594,0.13456416377314814,0.30839735243055555,8,33,600,False
11,0.14639793113425925,0.1448148148148148,0.32475911458333334,8,34,625,False
13,0.13544053819444443,0.13395941840277778,0.30946831597222224,8,35,650,False
7,0.14212348090277777,0.14032841435185187,0.3216243489583333,8,36,675,False
11,0.15801649305555557,0.15583043981481481,0.3520648871527778,8,37,700,False
6,0.15281901041666668,0.1512449363425926,0.34648763020833334,8,38,725,False
10,0.14573893229166668,0.1440480324074074,0.3325954861111111,8,39,750,False
9,0.1559132667824074,0.15373191550925927,0.34775499131944443,8,40,775,False
6,0.14559461805555557,0.14425889756944443,0.3341145833333333,8,41,800,False
10,0.30350983796296294,0.25568033854166666,0.45269748263888887,8,42,825,False
6,0.13628436053240742,0.13552842881944444,0.32421223958333334,8,43,850,False
7,0.23960286458333332,0.22888020833333333,0.43946831597222225,8,44,875,False
7,0.142294921875,0.14077473958333334,0.3288943142361111,8,45,900,False
8,0.1788331886574074,0.17234230324074074,0.3648849826388889,8,46,925,False
13,0.1360499855324074,0.13357747395833333,0.30818901909722224,8,47,950,False
15,0.15510814525462963,0.15341796875,0.35222981770833334,8,48,975,False
5,0.15681929976851852,0.1560109230324074,0.3574403211805556,8,49,1000,False
6,0.23343894675925925,0.21837311921296296,0.4187478298611111,8,50,1025,False
11,0.19681604456018517,0.19296983506944446,0.38937174479166664,8,51,1050,False
9,0.22003038194444444,0.21361183449074075,0.4072764756944444,8,52,1075,False
14,0.1436396846064815,0.14137876157407409,0.32272786458333336,8,53,1100,False
8,0.1458083767361111,0.14361762152777777,0.32363172743055557,8,54,1125,False
9,0.1347341579861111,0.13162109375,0.29774956597222224,8,55,1150,False
23,0.15808051215277777,0.1550755931712963,0.345830078125,8,56,1175,False
5,0.15970124421296297,0.156201171875,0.33994140625,8,57,1200,False
6,0.17213071469907407,0.16841724537037037,0.3603862847222222,8,58,1225,False
11,0.16508933738425927,0.15984953703703703,0.34868815104166667,8,59,1250,False
7,0.15004774305555554,0.14657805266203705,0.32504014756944444,8,60,1275,False
10,0.16124421296296296,0.15788375289351853,0.3466384548611111,8,61,1300,False
8,0.14220703125,0.13946361400462962,0.30715494791666664,8,62,1325,False
8,0.15992513020833332,0.15573314525462964,0.3419368489583333,8,63,1350,False
8,0.20359664351851853,0.19890842013888888,0.4060470920138889,8,64,1375,False
14,0.14329173900462963,0.14005967881944445,0.3259592013888889,8,65,1400,False
8,0.14521158854166666,0.14389793113425925,0.3360904947916667,8,66,1425,False
4,0.14215784143518517,0.14112883391203704,0.338525390625,8,67,1450,False
5,0.15964699074074074,0.1586548755787037,0.36996527777777777,8,68,1475,False
6,0.28121925636574074,0.22980504918981481,0.42437174479166667,8,69,1500,False
11,0.2292281539351852,0.22740053530092594,0.47421983506944443,8,70,1525,False
5,0.20592954282407408,0.19679289641203704,0.3913216145833333,8,71,1550,False
13,0.08392216435185185,0.08354419849537037,0.21942491319444443,16,0,init,False
18,0.08083695023148148,0.07996057581018519,0.21306206597222221,16,1,w24,False
15,0.08610749421296296,0.08572374131944445,0.22860460069444444,16,2,w49,False
5,0.09655454282407408,0.0961744068287037,0.2538346354166667,16,3,w74,False
3,0.09975658275462963,0.09968858506944445,0.26224066840277777,16,4,w99,False
3,0.10352973090277778,0.10343713831018518,0.27161349826388886,16,5,w124,False
2,0.10411566840277778,0.10403175636574075,0.27333116319444445,16,6,w149,False
3,0.10446940104166667,0.10438187210648148,0.27352213541666665,16,7,w174,False
3,0.10301576967592592,0.10294343171296297,0.2695844184027778,16,8,w199,False
2,0.10392035590277778,0.10385597511574074,0.272197265625,16,9,0,False
5,0.09073350694444444,0.09003978587962963,0.22488172743055557,16,10,25,False
8,0.08773075810185185,0.08654694733796296,0.21753580729166666,16,11,50,False
6,0.0870703125,0.08649197048611111,0.21888020833333333,16,12,75,False
5,0.0863404224537037,0.0857103587962963,0.21715494791666667,16,13,100,False
9,0.08547779224537037,0.08456524884259259,0.21164822048611112,16,14,125,False
5,0.1066283275462963,0.1048802806712963,0.25122721354166666,16,15,150,False
12,0.10358145254629629,0.10200774016203704,0.2456662326388889,16,16,175,False
9,0.09266456886574075,0.09140516493055556,0.22673394097222221,16,17,200,False
5,0.0897388599537037,0.08900318287037037,0.2199533420138889,16,18,225,False
7,0.10453197337962963,0.10329246238425926,0.25243815104166667,16,19,250,False
15,0.11330403645833333,0.11196144386574074,0.2712760416666667,16,20,275,False
6,0.11969401041666666,0.11811595775462963,0.2834233940972222,16,21,300,False
5,0.11463722511574075,0.11391312210648148,0.27444661458333336,16,22,325,False
3,0.10149775752314814,0.10110640914351852,0.25416124131944445,16,23,350,False
5,0.09029658564814814,0.09002423321759259,0.23046549479166667,16,24,375,False
7,0.08487485532407407,0.08427517361111111,0.21904405381944445,16,25,400,False
5,0.07212601273148148,0.07200846354166666,0.19456597222222222,16,26,425,False
4,0.08815610532407407,0.08788917824074075,0.22880750868055555,16,27,450,False
2,0.0968406394675926,0.09684027777777778,0.25277452256944444,16,28,475,False
2,0.07732638888888889,0.07732277199074074,0.20596028645833334,16,29,500,False
3,0.06874565972222223,0.06873046875,0.1858452690972222,16,30,525,False
3,0.07802842881944444,0.07798900462962963,0.20515190972222222,16,31,550,False
2,0.08631184895833334,0.08628616898148148,0.2242697482638889,16,32,575,False
1,0.08004665798611112,0.08004665798611112,0.21147677951388888,16,33,600,False
10,0.08399558738425926,0.08371274594907407,0.22069878472222224,16,34,625,False
9,0.09423864293981482,0.09292643229166667,0.23220052083333334,16,35,650,False
7,0.09838288483796297,0.09749855324074073,0.24368706597222223,16,36,675,False
4,0.10931604456018519,0.10896629050925925,0.27190755208333334,16,37,700,False
6,0.11591399016203703,0.11438693576388889,0.27640950520833335,16,38,725,False
14,0.11833875868055556,0.11733977141203704,0.2856673177083333,16,39,750,False
8,0.1275072337962963,0.1264304832175926,0.302763671875,16,40,775,False
9,0.1206419994212963,0.11977900752314814,0.29318359375,16,41,800,False
7,0.13796875,0.13647135416666667,0.3161273871527778,16,42,825,False
6,0.10969364872685185,0.1086986400462963,0.2704578993055556,16,43,850,False
12,0.11066333912037037,0.10957790798611111,0.27228190104166666,16,44,875,False
4,0.10716145833333333,0.10669053819444445,0.2679904513888889,16,45,900,False
15,0.10977068865740741,0.10854347511574074,0.27220703125,16,46,925,False
5,0.10062427662037036,0.10018771701388889,0.25558485243055556,16,47,950,False
6,0.10170862268518518,0.10112738715277778,0.255634765625,16,48,975,False
7,0.10067165798611111,0.09922670717592592,0.24805447048611112,16,49,1000,False
8,0.11883644386574074,0.11710503472222222,0.2821506076388889,16,50,1025,False
4,0.09054398148148148,0.09040907118055555,0.23625868055555554,16,51,1050,False
23,0.09553168402777777,0.09524631076388888,0.250654296875,16,52,1075,False
4,0.0949949363425926,0.09496491608796297,0.24970920138888889,16,53,1100,False
4,0.10469581886574074,0.10458333333333333,0.2698697916666667,16,54,1125,False
5,0.0969773582175926,0.09691080729166666,0.2531076388888889,16,55,1150,False
3,0.08990234375,0.0898802806712963,0.236904296875,16,56,1175,False
6,0.09811414930555555,0.09756293402777778,0.24707790798611112,16,57,1200,False
4,0.10849211516203704,0.10773726851851852,0.26693793402777777,16,58,1225,False
7,0.09773220486111112,0.09734519675925926,0.25021918402777776,16,59,1250,False
8,0.09919451678240741,0.09892505787037037,0.2524370659722222,16,60,1275,False
11,0.10811668113425926,0.10653103298611111,0.26149956597222224,16,61,1300,False
10,0.11447554976851852,0.11295970775462963,0.27590494791666664,16,62,1325,False
11,0.11809497974537037,0.11678421585648148,0.285263671875,16,63,1350,False
10,0.11491789641203703,0.11340205439814814,0.277236328125,16,64,1375,False
10,0.13338903356481482,0.13114185474537038,0.3098773871527778,16,65,1400,False
9,0.11929036458333334,0.11764286747685185,0.2821180555555556,16,66,1425,False
12,0.12408781828703704,0.12291883680555556,0.2952712673611111,16,67,1450,False
6,0.12319444444444444,0.12144061053240741,0.2908474392361111,16,68,1475,False
9,0.12543655960648148,0.12388780381944445,0.2971148003472222,16,69,1500,False
9,0.1346357783564815,0.1327170138888889,0.31053819444444447,16,70,1525,False
17,0.12936848958333333,0.12658817997685184,0.3010470920138889,16,71,1550,False
8,0.12992983217592594,0.12796585648148148,0.3035546875,16,72,1575,False
7,0.12913953993055555,0.12706561053240742,0.3019259982638889,16,73,1600,False
9,0.1171361400462963,0.11529658564814815,0.28112196180555554,16,74,1625,False
8,0.1269017650462963,0.12511176215277778,0.3015950520833333,16,75,1650,False
11,0.13165436921296297,0.12949291087962964,0.3091286892361111,16,76,1675,False
4,0.11540400752314815,0.11530562789351852,0.29288194444444443,16,77,1700,False
3,0.116328125,0.11628725405092592,0.290595703125,16,78,1725,False
4,0.10947157118055556,0.10929976851851853,0.27993272569444444,16,79,1750,False
4,0.10713324652777778,0.10681712962962962,0.268828125,16,80,1775,False
4,0.11784215856481481,0.11583912037037038,0.27395616319444444,16,81,1800,False
8,0.10968786168981481,0.10884801793981481,0.27177734375,16,82,1825,False
6,0.113623046875,0.11248661747685185,0.2742165798611111,16,83,1850,False
8,0.11649775752314814,0.11571723090277777,0.27956705729166664,16,84,1875,False
7,0.11854456018518518,0.11684172453703703,0.2803200954861111,16,85,1900,False
26,0.11893952546296296,0.11697808159722223,0.2806955295138889,16,86,1925,False
7,0.1167310474537037,0.11496744791666667,0.2753374565972222,16,87,1950,False
8,0.11331705729166666,0.11195674189814815,0.2703993055555556,16,88,1975,False
11,0.11175057870370371,0.11017758969907407,0.2669357638888889,16,89,2000,False
10,0.11029441550925925,0.10880533854166667,0.26491861979166664,16,90,2025,False
4,0.11052987557870371,0.1098365162037037,0.2715874565972222,16,91,2050,False
5,0.11025354456018518,0.10976273148148148,0.27099934895833333,16,92,2075,False
9,0.10954246238425926,0.10852285879629629,0.266474609375,16,93,2100,False
6,0.11603660300925926,0.11454390914351852,0.27665907118055555,16,94,2125,False
7,0.12103407118055555,0.11939308449074074,0.289833984375,16,95,2150,False
7,0.1146166087962963,0.11354853877314815,0.2760091145833333,16,96,2175,False
7,0.10546730324074075,0.10420536747685186,0.2574012586805556,16,97,2200,False
6,0.1155906394675926,0.11417643229166667,0.2741883680555556,16,98,2225,False
6,0.11088035300925926,0.1102709056712963,0.27028971354166664,16,99,2250,False
6,0.11837709780092592,0.11744429976851851,0.2829220920138889,16,100,2275,False
13,0.11864800347222222,0.11692816840277778,0.2788888888888889,16,101,2300,False
8,0.11070095486111112,0.10957429108796296,0.2655305989583333,16,102,2325,False
7,0.11961624710648149,0.11838505497685185,0.28107964409722225,16,103,2350,False
6,0.12103804976851852,0.11974898726851851,0.2848589409722222,16,104,2375,False
12,0.12479745370370371,0.12192997685185185,0.28629774305555555,16,105,2400,False
11,0.15773618344907409,0.15485387731481481,0.3451052517361111,16,106,2425,False
7,0.13273618344907406,0.13124095775462963,0.307333984375,16,107,2450,False
13,0.13508463541666665,0.13403971354166666,0.3205642361111111,16,108,2475,False
6,0.1371166087962963,0.13464518229166667,0.3138878038194444,16,109,2500,False
8,0.13738100405092593,0.13498155381944443,0.31216362847222223,16,110,2525,False
5,0.1345435474537037,0.13287941261574074,0.30566080729166667,16,111,2550,False
16,0.12234519675925926,0.12089879918981482,0.2877951388888889,16,112,2575,False
9,0.14485134548611112,0.1427828414351852,0.3254340277777778,16,113,2600,False
8,0.12673357928240742,0.125361328125,0.2975444878472222,16,114,2625,False
6,0.13006944444444443,0.1291189236111111,0.3074772135416667,16,115,2650,False
4,0.13254014756944443,0.13193431712962964,0.3155609809027778,16,116,2675,False
7,0.13677879050925926,0.13541051793981482,0.31911241319444444,16,117,2700,False
6,0.14677445023148147,0.14457429108796296,0.32822265625,16,118,2725,False
8,0.1657273582175926,0.15190067997685186,0.32291341145833335,16,119,2750,False
7,0.13214265046296297,0.13029224537037037,0.3010666232638889,16,120,2775,False
11,0.12014576099537037,0.11891420717592592,0.28208984375,16,121,2800,False
6,0.13391022858796298,0.13234483506944444,0.3076898871527778,16,122,2825,False
7,0.1340303096064815,0.13272352430555556,0.3114333767361111,16,123,2850,False
12,0.13873987268518517,0.13711371527777777,0.321201171875,16,124,2875,False
8,0.13112449363425926,0.1292748119212963,0.3034494357638889,16,125,2900,False
6,0.13311631944444444,0.13070746527777777,0.304033203125,16,126,2925,False
10,0.12367042824074075,0.12258752893518518,0.2892523871527778,16,127,2950,False
8,0.11811161747685185,0.11652813946759259,0.27614908854166664,16,128,2975,False
7,0.1142017505787037,0.11274558738425926,0.2651638454861111,16,129,3000,False
5,0.15347294560185185,0.15119791666666665,0.3315115017361111,16,130,3025,False
7,0.12446216724537038,0.12157009548611111,0.27284288194444445,16,131,3050,False
5,0.11630642361111111,0.11513057002314815,0.2712803819444444,16,132,3075,False
9,0.11537471064814815,0.11395616319444445,0.2694173177083333,16,133,3100,False
13,0.11358217592592593,0.11202003761574074,0.26532877604166666,16,134,3125,False
6,0.1007689525462963,0.09964337384259259,0.24316731770833333,16,135,3150,False
10,0.09345666956018518,0.09186993634259259,0.23311848958333334,16,136,3175,False
10,0.10907335069444445,0.1080103443287037,0.2651139322916667,16,137,3200,False
5,0.08396086516203703,0.08349030671296297,0.21677842881944445,16,138,3225,False
4,0.06654911747685185,0.066396484375,0.18097005208333333,16,139,3250,False
8,0.08235243055555555,0.08159758391203703,0.21249565972222223,16,140,3275,False
1,0.07699037905092593,0.07699037905092593,0.20640950520833334,16,141,3300,False
7,0.08984230324074075,0.08825231481481481,0.2254025607638889,16,142,3325,False
2,0.17340675636574074,0.1732787181712963,0.3457085503472222,16,143,3350,False
1,0.08797526041666667,0.08797526041666667,0.2328927951388889,16,144,3375,False
1,0.0794994212962963,0.0794994212962963,0.21201497395833332,16,145,3400,False
2,0.07320638020833334,0.0732056568287037,0.199296875,16,146,3425,False
3,0.08275462962962964,0.08274992766203704,0.22159071180555556,16,147,3450,False
10,0.09110532407407407,0.09001953125,0.22772786458333333,16,148,3475,False
10,0.10909107349537037,0.10868923611111111,0.2706380208333333,16,149,3500,False
3,0.09704499421296296,0.09680591724537037,0.246826171875,16,150,3525,False
8,0.09199110243055555,0.0907960792824074,0.23214301215277777,16,151,3550,False
13,0.0890625,0.08800094039351852,0.225439453125,16,152,3575,False
2,0.0846900318287037,0.0846896701388889,0.22671549479166667,16,153,3600,False
2,0.08600802951388889,0.086005859375,0.22740668402777778,16,154,3625,False
6,0.09937138310185185,0.09930953414351852,0.2574544270833333,16,155,3650,False
2,0.0945384837962963,0.09453812210648148,0.24665147569444446,16,156,3675,False
1,0.07420826099537037,0.07420826099537037,0.20056966145833333,16,157,3700,False
2,0.07207646122685185,0.07206524884259259,0.19489800347222222,16,158,3725,False
3,0.07310112847222222,0.07306134259259259,0.19463216145833334,16,159,3750,False
3,0.0872703269675926,0.08716977719907408,0.22845594618055556,16,160,3775,False
7,0.08663664641203704,0.08572591145833333,0.21900282118055556,16,161,3800,False
7,0.09418330439814815,0.09362666377314814,0.23543077256944445,16,162,3825,False
7,0.09109700520833333,0.09064742476851852,0.229970703125,16,163,3850,False
5,0.08543800636574074,0.08512044270833333,0.21680772569444445,16,164,3875,False
7,0.08227575231481482,0.08192961516203703,0.21335828993055556,16,165,3900,False
11,0.08319516782407407,0.08266167534722223,0.21435438368055557,16,166,3925,False
8,0.11782805266203704,0.11542028356481482,0.2761762152777778,16,167,3950,False
4,0.10907588252314815,0.10835539641203704,0.26825086805555554,16,168,3975,False
7,0.09916919849537037,0.09836986400462963,0.2505099826388889,16,169,4000,False
7,0.12929289641203703,0.12871021412037037,0.3083669704861111,16,170,4025,False
7,0.11481879340277777,0.1140209056712963,0.2789388020833333,16,171,4050,False
7,0.11391022858796296,0.11286313657407407,0.2744943576388889,16,172,4075,False
16,0.1218822337962963,0.12060510706018518,0.29186414930555554,16,173,4100,False
6,0.11782371238425926,0.11688151041666667,0.28604817708333335,16,174,4125,False
5,0.1247287326388889,0.12324797453703704,0.29489583333333336,16,175,4150,False
11,0.11512333622685185,0.11414207175925926,0.2815288628472222,16,176,4175,False
7,0.10398763020833333,0.10309497974537037,0.2592632378472222,16,177,4200,False
7,0.11290907118055556,0.11195276331018518,0.2755620659722222,16,178,4225,False
8,0.10513310185185185,0.10383174189814814,0.25942057291666665,16,179,4250,False
7,0.10328161168981481,0.10258101851851852,0.25833116319444444,16,180,4275,False
11,0.10547417534722223,0.10469871238425926,0.2628895399305556,16,181,4300,False
6,0.10656792534722222,0.10558412905092593,0.2616786024305556,16,182,4325,False
18,0.10109302662037037,0.100390625,0.25216688368055556,16,183,4350,False
5,0.11365776909722222,0.11232566550925926,0.274697265625,16,184,4375,False
6,0.12235243055555556,0.1206101707175926,0.28911892361111113,16,185,4400,False
9,0.11352322048611112,0.11140190972222222,0.2690245225694444,16,186,4425,False
1,0.08455186631944445,0.08455186631944445,0.22727322048611112,16,187,4450,False
22,0.09980143229166667,0.09967339409722223,0.25967230902777777,16,188,4475,False
7,0.09275245949074074,0.09262297453703704,0.24579427083333333,16,189,4500,False
2,0.1889236111111111,0.18423213252314816,0.3595106336805556,16,190,4525,False
1,0.09156575520833334,0.09156575520833334,0.24298285590277777,16,191,4550,False
1,0.10762731481481481,0.10762731481481481,0.274345703125,16,192,4575,False
6,0.11833080150462963,0.11621853298611111,0.2848621961805556,16,193,4600,False
5,0.12116608796296297,0.12110134548611111,0.30236219618055554,16,194,4625,False
4,0.10349645543981481,0.10343569155092593,0.26908203125,16,195,4650,False
6,0.10913917824074074,0.10771918402777778,0.26762044270833335,16,196,4675,False
7,0.11667787905092593,0.11485713252314815,0.27800238715277775,16,197,4700,False
17,0.10954969618055556,0.1071412037037037,0.2627766927083333,16,198,4725,False
5,0.1070167824074074,0.10639865451388889,0.26623372395833333,16,199,4750,False
3,0.10584382233796297,0.1054177517361111,0.2657921006944444,16,200,4775,False
3,0.10921440972222222,0.1089963107638889,0.27740559895833333,16,201,4800,False
4,0.09725007233796296,0.09717918113425926,0.25450954861111114,16,202,4825,False
1,0.09938331886574074,0.09938331886574074,0.2612814670138889,16,203,4850,False
2,0.09603190104166667,0.0960300925925926,0.25137261284722223,16,204,4875,False
2,0.10598198784722222,0.1059816261574074,0.27525390625,16,205,4900,False
2,0.09564995659722222,0.09564742476851852,0.2514572482638889,16,206,4925,False
1,0.10557400173611112,0.10557400173611112,0.276572265625,16,207,4950,False
1,0.11185185185185186,0.11185185185185186,0.2899620225694444,16,208,4975,False
1,0.11107421875,0.11107421875,0.2878656684027778,16,209,5000,False
2,0.10106987847222222,0.10106734664351852,0.26709635416666666,16,210,5025,False
1,0.107958984375,0.107958984375,0.28321940104166665,16,211,5050,False
10,0.10344075520833333,0.10333152488425926,0.2689301215277778,16,212,5075,False
5,0.10433521412037038,0.10408492476851852,0.268095703125,16,213,5100,False
7,0.11857060185185185,0.11678566261574073,0.2828504774305556,16,214,5125,False
6,0.11029333043981482,0.10875651041666666,0.2656108940972222,16,215,5150,False
12,0.11564163773148148,0.11330512152777777,0.2721082899305556,16,216,5175,False
8,0.11334924768518519,0.11208803530092593,0.27073567708333335,16,217,5200,False
6,0.12182725694444445,0.12075412326388889,0.28982530381944444,16,218,5225,False
7,0.11746202256944445,0.11613896122685186,0.27826171875,16,219,5250,False
14,0.13043764467592592,0.1283051215277778,0.2995464409722222,16,220,5275,False
13,0.11696108217592592,0.11523654513888888,0.2760720486111111,16,221,5300,False
10,0.11100224247685185,0.10929723668981481,0.2616731770833333,16,222,5325,False
12,0.12433991608796297,0.12268880208333334,0.2916970486111111,16,223,5350,False
5,0.14201171875,0.14025028935185185,0.31899956597222223,16,224,5375,False
9,0.1292925347222222,0.12821686921296296,0.3056814236111111,16,225,5400,False
10,0.14012116608796296,0.13801142939814814,0.3233723958333333,16,226,5425,False
10,0.15331199363425926,0.15093279803240742,0.3403049045138889,16,227,5450,False
5,0.12873734085648147,0.1274732349537037,0.3005881076388889,16,228,5475,False
10,0.13744249131944444,0.1346607349537037,0.30823459201388886,16,229,5500,False
15,0.12912507233796297,0.12657118055555555,0.29858289930555554,16,230,5525,False
6,0.1308785445601852,0.1296263744212963,0.30853841145833333,16,231,5550,False
7,0.1331908275462963,0.1319509548611111,0.317060546875,16,232,5575,False
6,0.14651222511574075,0.14525282118055555,0.3374077690972222,16,233,5600,False
6,0.15397569444444445,0.15195855034722222,0.3438009982638889,16,234,5625,False
8,0.12798683449074075,0.1263161892361111,0.29725260416666666,16,235,5650,False
8,0.13176468460648147,0.12987630208333334,0.3007411024305556,16,236,5675,False
9,0.11033564814814815,0.10876880787037037,0.2579427083333333,16,237,5700,False
6,0.0974388744212963,0.09649016203703703,0.23252278645833332,16,238,5725,False
6,0.11100658275462963,0.11003870081018519,0.25919270833333335,16,239,5750,False
16,0.1277076099537037,0.12597981770833333,0.2903602430555556,16,240,5775,False
7,0.11506365740740741,0.11369249131944445,0.26706488715277776,16,241,5800,False
11,0.10886393229166667,0.10765480324074074,0.2576736111111111,16,242,5825,False
8,0.0989894386574074,0.09681351273148148,0.23108289930555556,16,243,5850,False
7,0.10775390625,0.10668402777777777,0.25717230902777777,16,244,5875,False
5,0.09386103877314815,0.09280490451388888,0.22622178819444444,16,245,5900,False
13,0.09373083043981481,0.09280888310185186,0.2229275173611111,16,246,5925,False
4,0.07301613136574074,0.07280381944444445,0.19170138888888888,16,247,5950,False
2,0.056911168981481484,0.056910083912037036,0.15840277777777778,16,248,5975,False
1,0.06879304108796297,0.06879304108796297,0.18337565104166667,16,249,6000,False
21,0.15880461516203703,0.1574956597222222,0.3855805121527778,20,0,init,False
10,0.15772388599537038,0.15740523726851852,0.38923502604166665,20,1,w24,False
3,0.16333984375,0.1631032986111111,0.4021365017361111,20,2,w49,False
9,0.16555555555555557,0.16524848090277777,0.4067339409722222,20,3,w74,False
2,0.16651909722222222,0.16622902199074074,0.408759765625,20,4,w99,False
3,0.17216471354166665,0.17170355902777779,0.41957682291666665,20,5,w124,False
3,0.17769675925925926,0.1769212962962963,0.42912977430555554,20,6,w149,False
4,0.18671260127314815,0.1852564380787037,0.4431792534722222,20,7,w174,False
4,0.1951978443287037,0.19276294849537037,0.4565559895833333,20,8,w199,False
3,0.19563151041666665,0.19317744502314815,0.4571842447916667,20,9,0,False
3,0.1515263310185185,0.15136140046296295,0.3637836371527778,20,10,25,False
4,0.1494997829861111,0.14922453703703703,0.3590776909722222,20,11,50,False
4,0.1485011574074074,0.14815719039351852,0.35739366319444443,20,12,75,False
4,0.1469382957175926,0.14663230613425926,0.3547287326388889,20,13,100,False
4,0.1541380931712963,0.15389539930555557,0.3694650607638889,20,14,125,False
6,0.14726490162037037,0.14695638020833332,0.35833116319444447,20,15,150,False
5,0.13871527777777778,0.13859230324074073,0.34435872395833333,20,16,175,False
4,0.16915075231481483,0.1688794849537037,0.39288953993055553,20,17,200,False
3,0.13526475694444445,0.1350755931712963,0.3369064670138889,20,18,225,False
8,0.13566297743055555,0.13507884837962963,0.3321256510416667,20,19,250,False
16,0.13455765335648148,0.13366898148148149,0.325556640625,20,20,275,False
7,0.13004376446759258,0.12899233217592593,0.3129069010416667,20,21,300,False
14,0.12868959780092593,0.12693033854166666,0.3104926215277778,20,22,325,False
12,0.11523654513888888,0.11406358506944445,0.28433485243055556,20,23,350,False
18,0.11047019675925926,0.109677734375,0.2744357638888889,20,24,375,False
8,0.11081199363425925,0.10992223668981481,0.2714203559027778,20,25,400,False
8,0.11126772280092592,0.11021158854166667,0.2718142361111111,20,26,425,False
15,0.09679253472222223,0.0962767650462963,0.24754557291666668,20,27,450,False
4,0.09530888310185186,0.09506546585648148,0.24676106770833334,20,28,475,False
8,0.08133029513888888,0.08122287326388888,0.21583550347222222,20,29,500,False
5,0.08347294560185185,0.08335611979166667,0.2216818576388889,20,30,525,False
3,0.09409830729166667,0.09403247974537036,0.2453732638888889,20,31,550,False
3,0.0837109375,0.08364836516203704,0.22324110243055556,20,32,575,False
7,0.08105107060185185,0.08095992476851852,0.21775824652777778,20,33,600,False
3,0.08432364004629629,0.08428349247685185,0.22526909722222221,20,34,625,False
4,0.09538736979166666,0.0952734375,0.24523980034722223,20,35,650,False
6,0.08388961226851852,0.08363642939814815,0.22283745659722223,20,36,675,False
6,0.08434208622685185,0.0842212818287037,0.2250021701388889,20,37,700,False
5,0.08747576678240741,0.08737485532407407,0.23314778645833334,20,38,725,False
5,0.08855541087962963,0.08842158564814814,0.2343869357638889,20,39,750,False
4,0.08792860243055556,0.08782479745370371,0.23362738715277778,20,40,775,False
5,0.08748083043981482,0.08722041377314815,0.2303200954861111,20,41,800,False
6,0.08599609375,0.08585177951388889,0.22685004340277778,20,42,825,False
5,0.09507125289351852,0.09428566261574074,0.2423296440972222,20,43,850,False
7,0.0859205005787037,0.08555193865740741,0.22441297743055555,20,44,875,False
7,0.09237413194444444,0.09177662037037038,0.23413411458333333,20,45,900,False
8,0.09402018229166667,0.09302155671296296,0.23259114583333335,20,46,925,False
5,0.08937644675925926,0.08872576678240741,0.22156141493055556,20,47,950,False
7,0.0986255787037037,0.09787868923611111,0.2444140625,20,48,975,False
7,0.10727973090277777,0.10645543981481481,0.26068359375,20,49,1000,False
4,0.10717737268518518,0.1067578125,0.26311848958333334,20,50,1025,False
23,0.10733832465277778,0.10614113136574074,0.2599555121527778,20,51,1050,False
4,0.10342411747685185,0.10300925925925926,0.25317491319444446,20,52,1075,False
7,0.10709309895833333,0.1059327980324074,0.25406141493055556,20,53,1100,False
6,0.0911205150462963,0.08961877893518519,0.21722005208333334,20,54,1125,False
5,0.08310329861111111,0.08298864293981481,0.21305447048611112,20,55,1150,False
17,0.09253978587962963,0.09232132523148148,0.23085394965277778,20,56,1175,False
5,0.09815719039351851,0.09762876157407407,0.24173828125,20,57,1200,False
7,0.10763744212962963,0.10605432581018519,0.2595659722222222,20,58,1225,False
8,0.10203884548611111,0.10115776909722222,0.25400824652777776,20,59,1250,False
8,0.10502821180555555,0.10448640046296297,0.2581380208333333,20,60,1275,False
6,0.10781177662037036,0.10684244791666667,0.25890625,20,61,1300,False
7,0.09486870659722223,0.09445710358796296,0.237099609375,20,62,1325,False
10,0.09658962673611111,0.09571867766203704,0.23913194444444444,20,63,1350,False
6,0.09723596643518519,0.09658058449074074,0.23560329861111112,20,64,1375,False
7,0.12508933738425926,0.11430049189814814,0.24959852430555557,20,65,1400,False
9,0.11212673611111111,0.10865849247685185,0.24263020833333335,20,66,1425,False
4,0.07648980034722222,0.07601634837962963,0.19400065104166667,20,67,1450,False
5,0.06530056423611111,0.06493453414351852,0.1692599826388889,20,68,1475,False
5,0.046435185185185184,0.04638201678240741,0.12757703993055555,20,69,1500,False
5,0.058275101273148146,0.05818829571759259,0.15890190972222223,20,70,1525,False
3,0.05240270543981482,0.05239330150462963,0.14604166666666665,20,71,1550,False
17,0.1687181712962963,0.16370478877314815,0.36254665798611113,50,0,init,False
17,0.1582588252314815,0.1548679832175926,0.3566232638888889,50,1,w24,False
29,0.15922055844907407,0.15571867766203704,0.36515516493055555,50,2,w49,False
10,0.16126880787037037,0.15920283564814816,0.37535481770833334,50,3,w74,False
5,0.16267035590277779,0.16153139467592592,0.38318576388888886,50,4,w99,False
5,0.170498046875,0.16940357349537036,0.4014919704861111,50,5,w124,False
5,0.17363606770833334,0.17232855902777777,0.40680881076388886,50,6,w149,False
4,0.17208441840277777,0.1706814236111111,0.40306966145833334,50,7,w174,False
4,0.16850224247685186,0.16724211516203705,0.396494140625,50,8,w199,False
4,0.16828486689814814,0.1670113570601852,0.39507703993055554,50,9,0,False
8,0.14790617766203704,0.14405924479166668,0.3199045138888889,50,10,25,False
16,0.14824942129629629,0.14365342881944446,0.31669379340277776,50,11,50,False
9,0.14942201967592592,0.14623227719907408,0.32279622395833335,50,12,75,False
14,0.14295066550925925,0.13864655671296297,0.3069140625,50,13,100,False
9,0.1516012008101852,0.1479369212962963,0.32278754340277777,50,14,125,False
11,0.13647063078703703,0.13194842303240742,0.29058810763888887,50,15,150,False
8,0.14599500868055557,0.14294053819444444,0.3167599826388889,50,16,175,False
11,0.14530598958333332,0.14176830150462963,0.31281467013888886,50,17,200,False
13,0.1513870804398148,0.1468431712962963,0.3198068576388889,50,18,225,False
10,0.1573585792824074,0.15346752025462962,0.3342209201388889,50,19,250,False
25,0.1751638454861111,0.17030128761574073,0.35757378472222223,50,20,275,False
9,0.16866861979166667,0.16427191840277777,0.3548589409722222,50,21,300,False
11,0.23205512152777777,0.21828052662037037,0.42764756944444443,50,22,325,False
18,0.2026587818287037,0.19548177083333335,0.4027810329861111,50,23,350,False
10,0.19479745370370372,0.1900712528935185,0.399248046875,50,24,375,False
15,0.20055519386574075,0.1928273292824074,0.39795789930555553,50,25,400,False
24,0.1986769386574074,0.19013527199074073,0.3914789496527778,50,26,425,False
11,0.19520688657407406,0.18682436342592593,0.38422526041666666,50,27,450,False
13,0.1672486255787037,0.1619458912037037,0.3468967013888889,50,28,475,False
11,0.18202220775462963,0.1743775318287037,0.3631032986111111,50,29,500,False
11,0.19155309606481483,0.18406684027777778,0.3789138454861111,50,30,525,False
12,0.17838433159722222,0.1711668113425926,0.3598415798611111,50,31,550,False
9,0.16547200520833333,0.1609400318287037,0.34712456597222224,50,32,575,False
16,0.1466355613425926,0.14378219039351853,0.32262152777777775,50,33,600,False
11,0.1493384693287037,0.14534541377314814,0.32065755208333335,50,34,625,False
7,0.12997214988425926,0.12739438657407406,0.2882888454861111,50,35,650,False
12,0.11848596643518519,0.11621383101851852,0.2684320746527778,50,36,675,False
9,0.12407154224537037,0.12114655671296297,0.27643229166666666,50,37,700,False
11,0.13073278356481483,0.1264232494212963,0.2847189670138889,50,38,725,False
12,0.14305230034722222,0.1394892939814815,0.3163237847222222,50,39,750,False
8,0.1343478732638889,0.132822265625,0.3094390190972222,50,40,775,False
10,0.1388208912037037,0.13725730613425927,0.32111545138888886,50,41,800,False
6,0.1284494357638889,0.1274851707175926,0.30499891493055553,50,42,825,False
8,0.1440867332175926,0.14275571469907408,0.3284461805555556,50,43,850,False
7,0.11815212673611111,0.11750904224537037,0.2851746961805556,50,44,875,False
7,0.12970486111111112,0.12865813078703703,0.307060546875,50,45,900,False
12,0.13441478587962963,0.13259223090277777,0.31423719618055557,50,46,925,False
9,0.1403587962962963,0.13867874710648148,0.3207204861111111,50,47,950,False
8,0.15242621527777778,0.15102177372685185,0.34479166666666666,50,48,975,False
7,0.13657805266203704,0.13582429108796296,0.3228450520833333,50,49,1000,False
8,0.1585695167824074,0.15742259837962963,0.35054796006944444,50,50,1025,False
12,0.1298509837962963,0.1286472800925926,0.30579752604166666,50,51,1050,False
8,0.12698169849537036,0.1261664496527778,0.30495225694444444,50,52,1075,False
9,0.18185149016203703,0.17925600405092593,0.3786436631944444,50,53,1100,False
5,0.12962745949074075,0.12912109375,0.3075401475694444,50,54,1125,False
10,0.15138888888888888,0.15078486689814816,0.3548719618055556,50,55,1150,False
5,0.2104318576388889,0.19530635127314816,0.38513346354166667,50,56,1175,False
5,0.13927879050925926,0.13821144386574075,0.32309461805555556,50,57,1200,False
10,0.2560036892361111,0.23490379050925925,0.41552625868055554,50,58,1225,False
4,0.1619194878472222,0.1599826388888889,0.358994140625,50,59,1250,False
4,0.16677589699074075,0.16628833912037036,0.3797873263888889,50,60,1275,False
11,0.16197699652777778,0.15951714409722223,0.3639040798611111,50,61,1300,False
8,0.22025788483796296,0.20962528935185185,0.40421006944444443,50,62,1325,False
7,0.15246238425925926,0.1490187355324074,0.3336100260416667,50,63,1350,False
10,0.19189380787037036,0.1851949508101852,0.386591796875,50,64,1375,False
18,0.17256257233796296,0.1681521267361111,0.3626519097222222,50,65,1400,False
20,0.2577513744212963,0.22143410011574075,0.425517578125,50,66,1425,False
13,0.1707251880787037,0.16840928819444445,0.3686349826388889,50,67,1450,False
9,0.16756184895833334,0.1653682002314815,0.36981119791666667,50,68,1475,False
10,0.1873878761574074,0.18258174189814816,0.39068033854166667,50,69,1500,False
10,0.22585611979166667,0.21993308738425926,0.43833333333333335,50,70,1525,False
7,0.1680931712962963,0.16463903356481482,0.36527777777777776,50,71,1550,False
29,0.17146629050925927,0.16751338252314815,0.3692361111111111,50,72,1575,False
14,0.15838831018518518,0.15430447048611112,0.3469118923611111,50,73,1600,False
5,0.16927119502314814,0.16681532118055556,0.36606011284722223,50,74,1625,False
10,0.13471860532407406,0.13338541666666667,0.31672960069444445,50,75,1650,False
5,0.13740379050925927,0.13614402488425925,0.32188802083333334,50,76,1675,False
21,0.1341409866898148,0.13166775173611112,0.312861328125,50,77,1700,False
11,0.1369064670138889,0.13488245081018518,0.3177094184027778,50,78,1725,False
5,0.12412868923611112,0.12328233506944444,0.2978331163194444,50,79,1750,False
8,0.129365234375,0.12790183738425925,0.3023958333333333,50,80,1775,False
11,0.13748987268518517,0.1354665798611111,0.31480902777777775,50,81,1800,False
7,0.15996166087962962,0.15713324652777777,0.35277235243055555,50,82,1825,False
18,0.13125868055555556,0.1287890625,0.3006141493055556,50,83,1850,False
6,0.13541124131944443,0.13399594907407408,0.3134103732638889,50,84,1875,False
9,0.15578016493055555,0.1524565972222222,0.3464474826388889,50,85,1900,False
9,0.2504314959490741,0.23905454282407407,0.44626410590277776,50,86,1925,False
8,0.13015480324074075,0.12872468171296297,0.3103157552083333,50,87,1950,False
12,0.1474103009259259,0.14393373842592594,0.33013454861111113,50,88,1975,False
10,0.1468948929398148,0.14330620659722224,0.32367078993055554,50,89,2000,False
10,0.17755244502314815,0.17275716145833334,0.36663736979166667,50,90,2025,False
17,0.12612738715277777,0.1247511574074074,0.2945703125,50,91,2050,False
7,0.14269892939814816,0.1396849681712963,0.31547309027777776,50,92,2075,False
8,0.13462890625,0.13216182002314814,0.3036794704861111,50,93,2100,False
14,0.14784541377314814,0.14419234664351852,0.3246940104166667,50,94,2125,False
12,0.13980794270833333,0.13779839409722222,0.3166688368055556,50,95,2150,False
12,0.14462311921296298,0.1417086226851852,0.3222254774305556,50,96,2175,False
14,0.14825159143518518,0.14494032118055555,0.3259396701388889,50,97,2200,False
13,0.14880570023148149,0.14568684895833334,0.32998589409722223,50,98,2225,False
12,0.13798828125,0.13640733506944444,0.31682725694444447,50,99,2250,False
8,0.133154296875,0.13154658564814814,0.3086165364583333,50,100,2275,False
10,0.1330638744212963,0.1305960648148148,0.30321397569444447,50,101,2300,False
10,0.15789171006944444,0.15381546585648148,0.3410601128472222,50,102,2325,False
10,0.15375253182870371,0.14780562789351853,0.3267513020833333,50,103,2350,False
17,0.14239149305555557,0.13933449074074075,0.31641493055555553,50,104,2375,False
15,0.15036458333333333,0.14754267939814814,0.33231879340277776,50,105,2400,False
13,0.1639138454861111,0.1601027199074074,0.35012261284722224,50,106,2425,False
6,0.15637297453703702,0.15331886574074075,0.339853515625,50,107,2450,False
7,0.13660698784722222,0.13469328703703703,0.3112890625,50,108,2475,False
29,0.1379539207175926,0.13529875578703704,0.30923394097222223,50,109,2500,False
16,0.14017903645833332,0.13760163483796295,0.31148980034722223,50,110,2525,False
7,0.12881510416666667,0.12701099537037036,0.29135633680555556,50,111,2550,False
7,0.136767578125,0.13417932581018518,0.30744791666666665,50,112,2575,False
11,0.14672996238425925,0.14360713252314813,0.3254633246527778,50,113,2600,False
7,0.1659129050925926,0.16315610532407407,0.3580772569444444,50,114,2625,False
10,0.1368207465277778,0.13447120949074073,0.308466796875,50,115,2650,False
6,0.131728515625,0.12995515046296297,0.3009798177083333,50,116,2675,False
10,0.13217484085648148,0.13002025462962963,0.29943467881944447,50,117,2700,False
7,0.14508391203703705,0.14256655092592593,0.3207280815972222,50,118,2725,False
9,0.1350802951388889,0.132998046875,0.3025075954861111,50,119,2750,False
10,0.14218569155092592,0.1403689236111111,0.3193771701388889,50,120,2775,False
17,0.15604926215277778,0.15377387152777777,0.34319118923611114,50,121,2800,False
18,0.17293872974537036,0.1696021412037037,0.3630251736111111,50,122,2825,False
9,0.14107711226851852,0.13904477719907407,0.3175227864583333,50,123,2850,False
15,0.1469162326388889,0.14506040219907407,0.33130099826388887,50,124,2875,False
9,0.14170319733796297,0.13984555844907406,0.3186404079861111,50,125,2900,False
7,0.15392397280092593,0.1509743923611111,0.3370193142361111,50,126,2925,False
6,0.13264214409722222,0.13067021122685185,0.30253797743055555,50,127,2950,False
10,0.13066333912037037,0.12871527777777778,0.2978786892361111,50,128,2975,False
13,0.13612449363425927,0.132734375,0.30339735243055554,50,129,3000,False
10,0.158994140625,0.15417860243055556,0.33551432291666666,50,130,3025,False
8,0.14583839699074075,0.14120732060185184,0.31338433159722223,50,131,3050,False
9,0.14609953703703704,0.14310257523148148,0.32122395833333334,50,132,3075,False
10,0.1522366898148148,0.1480978732638889,0.32805989583333334,50,133,3100,False
10,0.1735004340277778,0.16782624421296297,0.3587890625,50,134,3125,False
15,0.14905345775462964,0.14522171585648147,0.32318684895833333,50,135,3150,False
12,0.14308919270833334,0.1401880787037037,0.3159299045138889,50,136,3175,False
14,0.15277705439814815,0.1495363136574074,0.32935221354166666,50,137,3200,False
8,0.1811017071759259,0.17531973379629628,0.36911024305555556,50,138,3225,False
14,0.14152018229166666,0.1379072627314815,0.3054470486111111,50,139,3250,False
16,0.1421697771990741,0.1387669994212963,0.30821723090277775,50,140,3275,False
14,0.14908094618055556,0.14602358217592593,0.31865885416666667,50,141,3300,False
12,0.19579680266203703,0.18381401909722223,0.3695822482638889,50,142,3325,False
9,0.15916630497685186,0.15454897280092592,0.3388357204861111,50,143,3350,False
11,0.1582179542824074,0.15466869212962964,0.34063585069444446,50,144,3375,False
8,0.15799985532407407,0.1546025028935185,0.33953450520833334,50,145,3400,False
11,0.14572591145833333,0.1413454861111111,0.309931640625,50,146,3425,False
25,0.11219762731481482,0.11044017650462963,0.25801323784722224,50,147,3450,False
23,0.09788266782407408,0.09685149016203703,0.2350954861111111,50,148,3475,False
6,0.10462818287037037,0.10369610821759259,0.2572710503472222,50,149,3500,False
8,0.1260080295138889,0.12451605902777778,0.29561197916666665,50,150,3525,False
8,0.08751736111111111,0.08710901331018518,0.22095703125,50,151,3550,False
7,0.07787941261574075,0.07757269965277777,0.20391493055555557,50,152,3575,False
9,0.105693359375,0.10254991319444444,0.2445041232638889,50,153,3600,False
8,0.17711588541666667,0.16999095775462963,0.3490407986111111,50,154,3625,False
14,0.11108723958333333,0.10966977719907407,0.265791015625,50,155,3650,False
6,0.13151005497685186,0.1302224392361111,0.3052398003472222,50,156,3675,False
7,0.1022120949074074,0.10134150752314815,0.2471408420138889,50,157,3700,False
6,0.17353913483796296,0.16430736400462964,0.3506271701388889,50,158,3725,False
5,0.052600549768518516,0.05245044849537037,0.14058051215277778,50,159,3750,False
35,0.22341760706018518,0.07965060763888888,0.17174913194444444,50,160,3775,False
11,0.08219401041666667,0.07786060474537038,0.18520941840277777,50,161,3800,False
63,0.9740227141203703,0.25364402488425924,0.33579969618055555,50,162,3825,False
4,0.06855287905092593,0.06848596643518519,0.18035698784722223,50,163,3850,False
12,0.06856951678240741,0.06467411747685185,0.1628830295138889,50,164,3875,False
10,0.13250361689814816,0.12970739293981481,0.2944466145833333,50,165,3900,False
9,0.15280128761574074,0.14601851851851852,0.31759440104166664,50,166,3925,False
8,0.13076099537037036,0.12751048900462963,0.29279188368055553,50,167,3950,False
8,0.1238331886574074,0.12275065104166667,0.2913498263888889,50,168,3975,False
14,0.13089011863425926,0.12882233796296297,0.29749240451388886,50,169,4000,False
9,0.11897822627314815,0.11715747974537037,0.27850368923611113,50,170,4025,False
7,0.13674732349537036,0.13559642650462964,0.3169585503472222,50,171,4050,False
4,0.11470847800925926,0.11419524016203704,0.27913628472222224,50,172,4075,False
4,0.12692274305555556,0.12609302662037036,0.29675889756944446,50,173,4100,False
6,0.19210539641203703,0.18056025752314814,0.36500542534722225,50,174,4125,False
5,0.09959418402777778,0.09884837962962963,0.24510308159722222,50,175,4150,False
5,0.09310583043981481,0.0927976707175926,0.23254014756944444,50,176,4175,False
5,0.08454535590277777,0.0842455150462963,0.21423285590277777,50,177,4200,False
12,0.11084309895833333,0.10933738425925926,0.2656597222222222,50,178,4225,False
9,0.13273546006944445,0.13101598668981482,0.3083734809027778,50,179,4250,False
7,0.12123480902777778,0.12027994791666667,0.28627604166666665,50,180,4275,False
5,0.1664482060185185,0.16441731770833334,0.3614908854166667,50,181,4300,False
12,0.23063657407407406,0.21138057002314814,0.40085828993055556,50,182,4325,False
5,0.11887405960648148,0.11834346064814814,0.29039496527777775,50,183,4350,False
7,0.11015697337962962,0.1094285300925926,0.2710785590277778,50,184,4375,False
16,0.12198169849537037,0.12031756365740741,0.2933745659722222,50,185,4400,False
7,0.25060872395833333,0.2281716579861111,0.4106304253472222,50,186,4425,False
9,0.11189344618055555,0.11023401331018519,0.2676920572916667,50,187,4450,False
9,0.1035130931712963,0.1022117332175926,0.24950846354166667,50,188,4475,False
4,0.08648618344907408,0.08625651041666667,0.21885416666666666,50,189,4500,False
7,0.09231083622685185,0.09031647858796296,0.22294704861111111,50,190,4525,False
3,0.09734592013888889,0.09726417824074074,0.24811197916666666,50,191,4550,False
4,0.08696686921296297,0.08655924479166667,0.21725151909722223,50,192,4575,False
8,0.15881908275462964,0.15131004050925925,0.3239398871527778,50,193,4600,False
6,0.16998191550925926,0.1623976417824074,0.338427734375,50,194,4625,False
9,0.1286548755787037,0.1275784866898148,0.30341037326388887,50,195,4650,False
8,0.11198640046296296,0.1110474537037037,0.2713541666666667,50,196,4675,False
9,0.11665002893518518,0.11609049479166667,0.2859526909722222,50,197,4700,False
7,0.16870225694444443,0.15696903935185186,0.3259776475694444,50,198,4725,False
8,0.09860170717592592,0.09805772569444444,0.2423415798611111,50,199,4750,False
8,0.09207899305555556,0.09178204571759259,0.23065755208333333,50,200,4775,False
7,0.08971354166666666,0.08902633101851852,0.22188693576388888,50,201,4800,False
8,0.11608832465277778,0.11479311342592592,0.2737282986111111,50,202,4825,False
6,0.09753544560185186,0.09687572337962963,0.23918619791666668,50,203,4850,False
4,0.10381401909722222,0.10339373553240741,0.2575629340277778,50,204,4875,False
7,0.13270580150462963,0.1301197193287037,0.3011382378472222,50,205,4900,False
9,0.120244140625,0.11950231481481481,0.2879220920138889,50,206,4925,False
7,0.130810546875,0.130068359375,0.31213541666666667,50,207,4950,False
8,0.1207396556712963,0.1199537037037037,0.2909689670138889,50,208,4975,False
5,0.12747251157407408,0.12688802083333334,0.30846571180555554,50,209,5000,False
6,0.14434172453703703,0.14303747106481482,0.3261664496527778,50,210,5025,False
7,0.1348947482638889,0.13383463541666665,0.31844292534722224,50,211,5050,False
5,0.12293800636574075,0.12189887152777777,0.2908485243055556,50,212,5075,False
6,0.09138599537037037,0.09065248842592592,0.224765625,50,213,5100,False
6,0.09659866898148148,0.09553602430555555,0.23346245659722223,50,214,5125,False
4,0.08887008101851852,0.0885105613425926,0.2263671875,50,215,5150,False
5,0.08561957465277778,0.085009765625,0.21436957465277778,50,216,5175,False
3,0.08147677951388889,0.08133318865740741,0.2108474392361111,50,217,5200,False
7,0.09938765914351852,0.09824291087962964,0.239150390625,50,218,5225,False
11,0.12967881944444445,0.12864185474537038,0.3058539496527778,50,219,5250,False
8,0.10617585358796296,0.10535337094907407,0.25821723090277776,50,220,5275,False
7,0.15009765625,0.14807653356481482,0.3436154513888889,50,221,5300,False
7,0.12467881944444445,0.12338433159722222,0.2994976128472222,50,222,5325,False
6,0.15169958043981482,0.15094871238425925,0.3498318142361111,50,223,5350,False
15,0.1315939670138889,0.13075846354166668,0.31243055555555554,50,224,5375,False
9,0.13267180266203704,0.1309349681712963,0.31057183159722224,50,225,5400,False
5,0.14361328125,0.1414623119212963,0.3206510416666667,50,226,5425,False
9,0.13144386574074074,0.13025535300925925,0.31028211805555556,50,227,5450,False
9,0.13075520833333334,0.12889467592592593,0.3059483506944444,50,228,5475,False
14,0.12827256944444446,0.12719328703703703,0.30379991319444444,50,229,5500,False
9,0.14318684895833333,0.14111979166666666,0.328271484375,50,230,5525,False
8,0.14286060474537038,0.14182508680555556,0.32985460069444444,50,231,5550,False
12,0.13440899884259258,0.13331922743055555,0.316328125,50,232,5575,False
7,0.1256474247685185,0.12454897280092593,0.2988064236111111,50,233,5600,False
8,0.13107385706018518,0.12961805555555556,0.308544921875,50,234,5625,False
4,0.1345652488425926,0.13382884837962963,0.3213986545138889,50,235,5650,False
9,0.129931640625,0.12876953125,0.30904839409722223,50,236,5675,False
10,0.14943178530092593,0.148017578125,0.3432378472222222,50,237,5700,False
7,0.3485998987268519,0.27496925636574077,0.4551139322916667,50,238,5725,False
6,0.22915979456018518,0.19409722222222223,0.37408528645833333,50,239,5750,False
7,0.14627061631944444,0.14352936921296297,0.330947265625,50,240,5775,False
10,0.13846824363425925,0.1361747685185185,0.31985785590277777,50,241,5800,False
22,0.18421694155092594,0.17773292824074075,0.3689691840277778,50,242,5825,False
4,0.1151833767361111,0.11483434606481481,0.28563368055555555,50,243,5850,False
13,0.10999963831018518,0.10928819444444444,0.2729296875,50,244,5875,False
6,0.1822703269675926,0.17960792824074073,0.37912109375,50,245,5900,False
8,0.10826244212962963,0.10703414351851852,0.26034288194444444,50,246,5925,False
9,0.11419813368055555,0.11301215277777778,0.27493272569444444,50,247,5950,False
6,0.11541521990740741,0.11446325231481481,0.27611219618055555,50,248,5975,False
9,0.116357421875,0.11565574363425926,0.27718858506944444,50,249,6000,False
37,0.12405924479166666,0.12082103587962963,0.2987282986111111,99,0,init,False
13,0.11575122974537037,0.1151880787037037,0.29515950520833334,99,1,w24,False
22,0.1181665943287037,0.11734989872685185,0.30227864583333336,99,2,w49,False
5,0.11858289930555556,0.11850694444444444,0.3059993489583333,99,3,w74,False
2,0.12046079282407407,0.12041449652777778,0.31072916666666667,99,4,w99,False
4,0.12423647280092592,0.12418258101851852,0.31877712673611114,99,5,w124,False
3,0.13021809895833333,0.13013744212962963,0.3315603298611111,99,6,w149,False
3,0.136630859375,0.13649341724537037,0.3454351128472222,99,7,w174,False
3,0.142978515625,0.14276294849537038,0.35822265625,99,8,w199,False
3,0.1427513744212963,0.1425437644675926,0.35811631944444444,99,9,0,False
11,0.12502061631944444,0.12232711226851851,0.28777235243055554,99,10,25,False
8,0.1232935474537037,0.1212818287037037,0.2842328559027778,99,11,50,False
13,0.11575267650462963,0.11461841724537038,0.27646050347222223,99,12,75,False
6,0.1153931568287037,0.11442599826388888,0.27560546875,99,13,100,False
11,0.14515444155092594,0.14314380787037037,0.3224924045138889,99,14,125,False
8,0.11180447048611111,0.11043872974537038,0.26755208333333336,99,15,150,False
14,0.1126099537037037,0.11160771122685186,0.2696169704861111,99,16,175,False
6,0.10206561053240741,0.10059787326388889,0.24447699652777777,99,17,200,False
7,0.09896375868055556,0.09788013599537038,0.23911783854166666,99,18,225,False
9,0.09691731770833334,0.09593062789351851,0.23688259548611112,99,19,250,False
7,0.09853841145833334,0.09703559027777778,0.23555338541666668,99,20,275,False
6,0.10171115451388889,0.10075774016203703,0.2442697482638889,99,21,300,False
17,0.11173249421296297,0.11027307581018518,0.26503580729166665,99,22,325,False
5,0.11781467013888888,0.11633572048611111,0.27289171006944446,99,23,350,False
7,0.11244610821759259,0.11144169560185185,0.266591796875,99,24,375,False
8,0.12262116608796296,0.12135054976851851,0.2860926649305556,99,25,400,False
7,0.13099826388888888,0.1293337673611111,0.3015907118055556,99,26,425,False
4,0.115712890625,0.11461082175925925,0.27199869791666664,99,27,450,False
5,0.11984483506944445,0.11894350405092592,0.28230034722222225,99,28,475,False
4,0.12498155381944444,0.12378761574074074,0.28915581597222223,99,29,500,False
20,0.1455783420138889,0.14360930266203703,0.32521158854166665,99,30,525,False
8,0.12123842592592593,0.11991644965277778,0.2818782552083333,99,31,550,False
5,0.12417353877314814,0.12314344618055556,0.28938151041666665,99,32,575,False
6,0.11578052662037037,0.11477213541666667,0.2728862847222222,99,33,600,False
6,0.11407045717592593,0.11291485821759259,0.27060546875,99,34,625,False
7,0.11852575231481481,0.11709743923611111,0.27949761284722224,99,35,650,False
7,0.11303132233796297,0.11229166666666666,0.2731976996527778,99,36,675,False
6,0.10033347800925926,0.0998263888888889,0.24891818576388888,99,37,700,False
11,0.1085915798611111,0.10777886284722223,0.26192057291666665,99,38,725,False
9,0.11790509259259259,0.11708297164351852,0.28159071180555556,99,39,750,False
5,0.12289279513888889,0.12199978298611111,0.2914312065972222,99,40,775,False
6,0.12505678530092593,0.12410554108796296,0.29553059895833333,99,41,800,False
10,0.12778971354166666,0.12665364583333333,0.2985210503472222,99,42,825,False
7,0.11734989872685185,0.11593279803240741,0.2796050347222222,99,43,850,False
8,0.11605070891203703,0.11517216435185185,0.2806662326388889,99,44,875,False
10,0.09867549189814814,0.09743706597222222,0.24463758680555556,99,45,900,False
9,0.09280562789351852,0.09194914641203704,0.23872938368055555,99,46,925,False
12,0.11816840277777778,0.11337818287037037,0.266552734375,99,47,950,False
5,0.11040690104166667,0.10943829571759259,0.26633680555555556,99,48,975,False
6,0.10849717881944444,0.10737015335648148,0.26305121527777775,99,49,1000,False
9,0.10576859085648148,0.10434461805555556,0.2563292100694444,99,50,1025,False
6,0.1128125,0.11203776041666667,0.2748513454861111,99,51,1050,False
5,0.11465024594907407,0.11395073784722222,0.27838216145833333,99,52,1075,False
7,0.11210865162037037,0.1110326244212963,0.27326063368055553,99,53,1100,False
8,0.10790690104166667,0.10668619791666667,0.26291341145833336,99,54,1125,False
14,0.09921585648148148,0.09873191550925926,0.2496267361111111,99,55,1150,False
5,0.10798466435185185,0.10739149305555555,0.267255859375,99,56,1175,False
6,0.12118851273148148,0.1207396556712963,0.298388671875,99,57,1200,False
7,0.10515661168981481,0.10452727141203703,0.2632465277777778,99,58,1225,False
3,0.10578956886574074,0.10546730324074075,0.26888346354166665,99,59,1250,False
3,0.10269097222222222,0.10223126446759259,0.2591417100694444,99,60,1275,False
10,0.10500687210648148,0.103701171875,0.2628439670138889,99,61,1300,False
6,0.11173177083333333,0.10980179398148149,0.2692469618055556,99,62,1325,False
8,0.1163747829861111,0.11472113715277778,0.27651801215277777,99,63,1350,False
6,0.1143359375,0.1132447193287037,0.2766872829861111,99,64,1375,False
26,0.11427010995370371,0.11141239872685185,0.2716232638888889,99,65,1400,False
8,0.11042353877314814,0.10948206018518518,0.2693315972222222,99,66,1425,False
6,0.10683702256944444,0.10624927662037037,0.26424479166666665,99,67,1450,False
5,0.10935149016203703,0.108955078125,0.2746397569444444,99,68,1475,False
6,0.10431351273148148,0.10407769097222222,0.2680794270833333,99,69,1500,False
5,0.101943359375,0.10184389467592593,0.26417643229166665,99,70,1525,False
2,0.10215458622685185,0.10215169270833334,0.26799262152777775,99,71,1550,False
2,0.09632776331018518,0.09632523148148148,0.2522417534722222,99,72,1575,False
1,0.10780381944444445,0.10780381944444445,0.27956163194444444,99,73,1600,False
2,0.098359375,0.09835901331018519,0.2598480902777778,99,74,1625,False
1,0.10228624131944444,0.10228624131944444,0.26910047743055554,99,75,1650,False
2,0.11258355034722223,0.11257957175925926,0.2890180121527778,99,76,1675,False
2,0.10373625578703703,0.10371563946759259,0.2707562934027778,99,77,1700,False
1,0.10457103587962963,0.10457103587962963,0.2746799045138889,99,78,1725,False
2,0.10434063946759259,0.10433991608796296,0.2737358940972222,99,79,1750,False
6,0.11758644386574074,0.11670862268518518,0.29106770833333334,99,80,1775,False
11,0.11481481481481481,0.11281105324074074,0.2758984375,99,81,1800,False
10,0.11136754918981481,0.10857241030092593,0.2647623697916667,99,82,1825,False
6,0.09866102430555555,0.09794415509259259,0.24465169270833334,99,83,1850,False
19,0.09586516203703704,0.09489691840277778,0.239111328125,99,84,1875,False
8,0.11102683738425925,0.10873191550925926,0.2602191840277778,99,85,1900,False
8,0.13710141782407406,0.1338910590277778,0.30648546006944444,99,86,1925,False
6,0.14096354166666666,0.13754231770833333,0.3036881510416667,99,87,1950,False
7,0.14057400173611112,0.138125,0.3099088541666667,99,88,1975,False
9,0.12335539641203704,0.1217140480324074,0.2819010416666667,99,89,2000,False
11,0.12867766203703704,0.12569950810185185,0.2875520833333333,99,90,2025,False
17,0.11670030381944445,0.11457537615740741,0.2668598090277778,99,91,2050,False
9,0.1245359519675926,0.12189416956018519,0.27874782986111113,99,92,2075,False
9,0.13779477719907407,0.13437970196759258,0.30137152777777776,99,93,2100,False
7,0.13660011574074074,0.13456633391203704,0.3083951822916667,99,94,2125,False
32,0.1442086226851852,0.13934714988425925,0.31343315972222224,99,95,2150,False
7,0.13515480324074075,0.13338975694444444,0.30725477430555553,99,96,2175,False
13,0.13699797453703705,0.13485496238425926,0.3052983940972222,99,97,2200,False
7,0.1457982494212963,0.14319806134259258,0.3245345052083333,99,98,2225,False
7,0.13637405960648147,0.13402235243055555,0.3074945746527778,99,99,2250,False
18,0.13475188078703704,0.13239691840277779,0.3041623263888889,99,100,2275,False
6,0.1346513310185185,0.13275716145833333,0.30514322916666664,99,101,2300,False
8,0.12951822916666667,0.12673357928240742,0.29136176215277776,99,102,2325,False
6,0.13086263020833333,0.12932581018518519,0.298662109375,99,103,2350,False
15,0.14176540798611112,0.13961516203703703,0.31607421875,99,104,2375,False
15,0.14178891782407407,0.13852394386574074,0.3098046875,99,105,2400,False
5,0.13325303819444445,0.13022533275462964,0.29532660590277776,99,106,2425,False
9,0.10467556423611112,0.10344111689814815,0.25166558159722224,99,107,2450,False
8,0.0978197337962963,0.09655056423611111,0.23785481770833333,99,108,2475,False
11,0.09007523148148149,0.08888816550925926,0.22075629340277778,99,109,2500,False
8,0.09087094907407407,0.0890845630787037,0.21872395833333333,99,110,2525,False
7,0.08569914641203703,0.08474030671296297,0.2099858940972222,99,111,2550,False
5,0.09475188078703704,0.09390697337962962,0.23249131944444446,99,112,2575,False
12,0.10192635995370371,0.0993384693287037,0.23833333333333334,99,113,2600,False
7,0.09774956597222222,0.09597258391203704,0.23162109375,99,114,2625,False
7,0.09515190972222222,0.09356987847222223,0.22814887152777777,99,115,2650,False
42,0.09309497974537037,0.09134620949074074,0.2248122829861111,99,116,2675,False
29,0.1189210792824074,0.11545609085648148,0.2906098090277778,92,0,init,False
10,0.1147923900462963,0.11410481770833333,0.29305338541666665,92,1,w24,False
16,0.11791775173611112,0.11704318576388889,0.3016265190972222,92,2,w49,False
3,0.11778899016203703,0.11774631076388889,0.3045735677083333,92,3,w74,False
3,0.1208250144675926,0.12070818865740741,0.31109592013888887,92,4,w99,False
3,0.12580982349537037,0.12571578414351853,0.3221267361111111,92,5,w124,False
4,0.1309006076388889,0.13078016493055555,0.33328559027777777,92,6,w149,False
3,0.137236328125,0.13710575810185185,0.346953125,92,7,w174,False
3,0.14281539351851852,0.14261574074074074,0.3585297309027778,92,8,w199,False
2,0.14229528356481483,0.14209418402777776,0.3569520399305556,92,9,0,False
12,0.1274486400462963,0.12444589120370371,0.29254774305555553,92,10,25,False
9,0.11798828125,0.11606047453703704,0.2768923611111111,92,11,50,False
5,0.11465060763888889,0.1137109375,0.2752853732638889,92,12,75,False
6,0.12869683159722223,0.1274851707175926,0.2989333767361111,92,13,100,False
7,0.12023365162037038,0.11816044560185185,0.2814887152777778,92,14,125,False
7,0.11098198784722223,0.10973198784722223,0.2671256510416667,92,15,150,False
6,0.12179578993055555,0.12071072048611112,0.28567057291666664,92,16,175,False
7,0.10347439236111111,0.1020753761574074,0.24854383680555556,92,17,200,False
9,0.09979564525462963,0.09863896122685185,0.2413064236111111,92,18,225,False
7,0.0967943431712963,0.09596462673611111,0.23681966145833333,92,19,250,False
10,0.09688078703703704,0.09547055844907408,0.23292534722222222,92,20,275,False
5,0.1003150318287037,0.0994751880787037,0.24290364583333332,92,21,300,False
10,0.11018265335648147,0.10902886284722223,0.2626052517361111,92,22,325,False
6,0.10818250868055555,0.10677698206018518,0.25502821180555557,92,23,350,False
4,0.11321180555555556,0.11207356770833334,0.2670453559027778,92,24,375,False
5,0.12135814525462962,0.11976200810185185,0.2809830729166667,92,25,400,False
9,0.1310716869212963,0.12951316550925926,0.3028114149305556,92,26,425,False
5,0.1165574363425926,0.11526548032407408,0.2719010416666667,92,27,450,False
12,0.1227271412037037,0.12156213831018518,0.28619791666666666,92,28,475,False
9,0.12292028356481481,0.12178891782407407,0.2861783854166667,92,29,500,False
15,0.13285843460648147,0.13117042824074074,0.302412109375,92,30,525,False
9,0.12195493344907407,0.12027777777777778,0.28221571180555555,92,31,550,False
5,0.12305700231481481,0.12216037326388889,0.28785698784722225,92,32,575,False
19,0.11673611111111111,0.11559172453703703,0.27477864583333333,92,33,600,False
7,0.11507848668981481,0.11385091145833333,0.27283311631944446,92,34,625,False
8,0.11472005208333333,0.11338577835648148,0.2716623263888889,92,35,650,False
7,0.11207971643518519,0.1111085792824074,0.27009874131944445,92,36,675,False
9,0.11163447627314815,0.1099952980324074,0.26656792534722223,92,37,700,False
5,0.12845630787037038,0.12730107060185186,0.29578233506944446,92,38,725,False
4,0.09582356770833333,0.09506329571759259,0.23651909722222222,92,39,750,False
9,0.10044379340277777,0.09869827835648148,0.24409288194444445,92,40,775,False
5,0.10369068287037037,0.10316984953703703,0.25693684895833335,92,41,800,False
4,0.10954390914351853,0.10875036168981482,0.26838541666666665,92,42,825,False
8,0.10989547164351852,0.10923900462962963,0.2715473090277778,92,43,850,False
4,0.11049732349537036,0.1100050636574074,0.27313802083333333,92,44,875,False
5,0.11516673900462963,0.11457899305555555,0.2823708767361111,92,45,900,False
7,0.11332320601851852,0.11263057002314815,0.2784613715277778,92,46,925,False
7,0.11767686631944445,0.11663556134259259,0.2846234809027778,92,47,950,False
6,0.12243598090277778,0.12158817997685185,0.2943478732638889,92,48,975,False
9,0.1301540798611111,0.1289377170138889,0.30774522569444446,92,49,1000,False
13,0.17556821469907408,0.16860749421296295,0.362470703125,212,0,init,False
9,0.15077727141203703,0.1484469039351852,0.3382476128472222,212,1,w24,False
6,0.14345341435185185,0.14206886574074074,0.3288802083333333,212,2,w49,False
5,0.14349211516203703,0.14255353009259258,0.335234375,212,3,w74,False
5,0.1436454716435185,0.1428663917824074,0.3379047309027778,212,4,w99,False
5,0.14410047743055557,0.14327690972222223,0.33988172743055556,212,5,w124,False
4,0.14434100115740742,0.14356517650462963,0.34054796006944443,212,6,w149,False
4,0.14720124421296296,0.1463715277777778,0.3467252604166667,212,7,w174,False
8,0.14696180555555555,0.1461111111111111,0.346455078125,212,8,w199,False
6,0.14764069733796295,0.14679398148148148,0.3474587673611111,212,9,0,False
8,0.15195023148148148,0.14881510416666666,0.32983723958333333,212,10,25,False
11,0.13080403645833333,0.12835394965277777,0.28908854166666664,212,11,50,False
12,0.1419064670138889,0.13927698206018518,0.3124761284722222,212,12,75,False
9,0.14524992766203704,0.14291341145833333,0.3195041232638889,212,13,100,False
6,0.22723054108796295,0.20165762442129628,0.38902669270833334,212,14,125,False
14,0.13368453414351852,0.13146086516203703,0.2950564236111111,212,15,150,False
13,0.1386161747685185,0.13609772858796296,0.30592881944444444,212,16,175,False
8,0.13888925057870372,0.13577293113425926,0.30273220486111113,212,17,200,False
10,0.15717447916666666,0.15409866898148147,0.3404405381944444,212,18,225,False
8,0.1307443576388889,0.128623046875,0.2893207465277778,212,19,250,False
16,0.14028754340277777,0.13822446469907407,0.31080078125,212,20,275,False
8,0.14325086805555556,0.14062608506944443,0.3157779947916667,212,21,300,False
20,0.15178891782407408,0.14958803530092593,0.334755859375,212,22,325,False
8,0.13630570023148147,0.13430555555555557,0.3012836371527778,212,23,350,False
9,0.13738932291666667,0.13546477141203703,0.3032150607638889,212,24,375,False
8,0.1448683449074074,0.14268627025462963,0.31976779513888887,212,25,400,False
7,0.15686631944444446,0.15442744502314815,0.340048828125,212,26,425,False
7,0.14343388310185184,0.1400368923611111,0.305810546875,212,27,450,False
6,0.14261357060185184,0.1404050925925926,0.3128982204861111,212,28,475,False
6,0.1447634548611111,0.14258499710648148,0.31900282118055556,212,29,500,False
13,0.1547117332175926,0.15171187789351853,0.33550889756944446,212,30,525,False
9,0.1453931568287037,0.14281358506944444,0.31897135416666667,212,31,550,False
14,0.1446267361111111,0.14212818287037038,0.3178667534722222,212,32,575,False
8,0.1496383101851852,0.14715133101851852,0.3267654079861111,212,33,600,False
6,0.14955873842592593,0.1472511574074074,0.32927842881944447,212,34,625,False
10,0.14016456886574075,0.13796043113425926,0.3102213541666667,212,35,650,False
8,0.14174189814814814,0.14024848090277778,0.3222699652777778,212,36,675,False
7,0.1547095630787037,0.15211986400462962,0.33989908854166667,212,37,700,False
6,0.14425455729166667,0.14268156828703704,0.32641384548611113,212,38,725,False
5,0.13249674479166668,0.13128219039351852,0.3080013020833333,212,39,750,False
9,0.12950701678240742,0.12819155092592593,0.29951280381944445,212,40,775,False
9,0.13848451967592593,0.13603841145833334,0.3131271701388889,212,41,800,False
9,0.13322193287037037,0.1318287037037037,0.3073676215277778,212,42,825,False
12,0.14220522280092593,0.14060112847222223,0.32669379340277777,212,43,850,False
13,0.147275390625,0.14508463541666666,0.3332172309027778,212,44,875,False
14,0.14681749131944444,0.14445457175925927,0.330458984375,212,45,900,False
7,0.14848524305555555,0.14558449074074073,0.33132921006944444,212,46,925,False
10,0.13985170717592593,0.1379658564814815,0.3182649739583333,212,47,950,False
14,0.13399088541666668,0.13098017939814816,0.2994162326388889,212,48,975,False
9,0.13543294270833334,0.13327293113425925,0.30632269965277775,212,49,1000,False
12,0.14204499421296296,0.13991572627314816,0.319267578125,212,50,1025,False
