run_dir,record_idx,ended_at_step,distance_to_goal,oracle_success,measurement_json_mtime,video_mtime,video_bytes
crop_300,318,6001,5.3045,1.0,2026-08-06T12:03:27-06:00,2026-08-06T12:03:27-06:00,53013798
crop_300,441,6001,14.6194,0.0,2026-08-06T23:10:14-06:00,2026-08-06T23:10:14-06:00,47499345
crop_300,461,6001,5.3273,0.0,2026-08-07T01:26:54-06:00,2026-08-07T01:26:56-06:00,47644763
h060_200,49,6001,14.3496,0.0,2026-08-09T10:47:19-06:00,2026-08-09T10:47:21-06:00,24070244
h060_200,149,6001,4.0073,0.0,2026-08-10T01:03:56-06:00,2026-08-10T01:03:56-06:00,32472773
h078_200,50,6001,9.8353,0.0,2026-08-10T22:04:19-06:00,2026-08-10T22:04:20-06:00,25127246
h078_200,127,6001,6.3407,0.0,2026-08-11T08:48:36-06:00,2026-08-11T08:48:38-06:00,23881194
h078_200,262,6001,12.6363,0.0,2026-08-11T23:12:19-06:00,2026-08-11T23:12:20-06:00,13528193
h078_200,286,6001,15.5912,0.0,2026-08-12T01:47:25-06:00,2026-08-12T01:47:26-06:00,35566098
h078_200,306,6001,8.6607,0.0,2026-08-12T03:23:08-06:00,2026-08-12T03:23:10-06:00,20520383
h095_200,48,6001,14.5495,0.0,2026-08-12T07:52:01-06:00,2026-08-12T07:52:02-06:00,6987929
h095_200,111,6001,4.7507,0.0,2026-08-12T16:09:31-06:00,2026-08-12T16:09:33-06:00,22030294
h095_200,206,5897,13.3014,1.0,2026-08-13T01:55:45-06:00,2026-08-13T01:55:47-06:00,8769186
h110_200,127,6001,4.806,0.0,2026-08-14T02:41:21-06:00,2026-08-14T02:41:22-06:00,27912369
h110_200,128,6001,6.7309,0.0,2026-08-14T02:56:22-06:00,2026-08-14T02:56:24-06:00,6266427
h130_200,70,6001,6.4657,0.0,2026-08-15T03:29:22-06:00,2026-08-15T03:29:24-06:00,11340370
h130_200,235,6001,4.3889,0.0,2026-08-15T22:33:53-06:00,2026-08-15T22:33:54-06:00,28498524
h150_200,75,6001,11.7373,0.0,2026-08-16T14:43:31-06:00,2026-08-16T14:43:33-06:00,33565613
h150_200,278,6001,13.5346,0.0,2026-08-17T15:19:20-06:00,2026-08-17T15:19:21-06:00,3446259
pad_300,14,6001,8.8596,0.0,2026-08-07T04:48:48-06:00,2026-08-07T04:48:50-06:00,22707070
pad_300,50,6001,16.9137,0.0,2026-08-07T07:59:29-06:00,2026-08-07T07:59:30-06:00,9085993
pad_300,69,6001,12.1402,0.0,2026-08-07T10:33:10-06:00,2026-08-07T10:33:11-06:00,21296874
pad_300,127,6001,3.5781,0.0,2026-08-07T19:45:01-06:00,2026-08-07T19:45:02-06:00,23849659
pad_300,310,6001,8.0983,1.0,2026-08-08T14:33:02-06:00,2026-08-08T14:33:03-06:00,2354924
pad_300,341,6001,8.3947,0.0,2026-08-08T17:21:03-06:00,2026-08-08T17:21:04-06:00,9296593
stretchA_300,62,6001,8.1369,0.0,2026-07-24T19:26:19-06:00,2026-07-24T19:26:20-06:00,6156055
stretchA_300,116,6001,4.633,0.0,2026-07-25T03:26:42-06:00,2026-07-25T03:26:42-06:00,30526573
stretchA_300,126,6001,4.2292,0.0,2026-07-25T04:38:03-06:00,2026-07-25T04:38:05-06:00,26601360
stretchA_300,151,6001,2.564,1.0,2026-07-25T07:13:15-06:00,2026-07-25T07:13:17-06:00,25002797
stretchA_300,306,6001,6.8952,0.0,2026-07-25T23:32:03-06:00,2026-07-25T23:32:04-06:00,18255402
stretchA_300,343,6001,1.0141,1.0,2026-07-26T03:29:25-06:00,2026-07-26T03:29:27-06:00,28949959
stretchB_300,351,6001,2.6043,1.0,2026-07-28T07:58:46-06:00,2026-07-28T07:58:48-06:00,16043421
stretchB_300,442,6001,7.9934,0.0,2026-08-04T22:42:17-06:00,2026-08-04T22:42:18-06:00,35172620
stretchB_300,461,5432,3.2618,1.0,2026-08-05T01:14:53-06:00,2026-08-05T01:14:55-06:00,46412641
