cond2_ep3	2026-10-02T13:15:12-06:00	2026-10-02T13:17:28-06:00	136	0	replay_client.py replay/ep3/requests.json 20 (server pid 1332353)
cond2_ep8	2026-10-02T13:17:28-06:00	2026-10-02T13:20:23-06:00	175	0	replay_client.py replay/ep8/requests.json 20 (server pid 1332353)
cond2_ep16	2026-10-02T13:20:23-06:00	2026-10-02T13:22:12-06:00	109	0	replay_client.py replay/ep16/requests.json 20 (server pid 1332353)
cond2_ep20	2026-10-02T13:22:12-06:00	2026-10-02T13:24:13-06:00	121	0	replay_client.py replay/ep20/requests.json 20 (server pid 1332353)
cond2_ep50	2026-10-02T13:24:13-06:00	2026-10-02T13:26:33-06:00	140	0	replay_client.py replay/ep50/requests.json 20 (server pid 1332353)
cond2_ep99	2026-10-02T13:26:33-06:00	2026-10-02T13:28:31-06:00	118	0	replay_client.py replay/ep99/requests.json 20 (server pid 1332353)
cond2_ep92	2026-10-02T13:28:31-06:00	2026-10-02T13:30:31-06:00	120	0	replay_client.py replay/ep92/requests.json 20 (server pid 1332353)
cond2_ep212	2026-10-02T13:30:32-06:00	2026-10-02T13:33:14-06:00	162	0	replay_client.py replay/ep212/requests.json 20 (server pid 1332353)
cond3_ep3	2026-10-02T13:33:30-06:00	2026-10-02T13:35:46-06:00	136	0	replay_client.py replay/ep3/requests.json 20 (server pid 1352510)
cond3_ep8	2026-10-02T13:35:47-06:00	2026-10-02T13:38:39-06:00	172	0	replay_client.py replay/ep8/requests.json 20 (server pid 1352510)
cond3_ep16	2026-10-02T13:38:39-06:00	2026-10-02T13:40:27-06:00	108	0	replay_client.py replay/ep16/requests.json 20 (server pid 1352510)
cond3_ep20	2026-10-02T13:40:27-06:00	2026-10-02T13:42:29-06:00	122	0	replay_client.py replay/ep20/requests.json 20 (server pid 1352510)
cond3_ep50	2026-10-02T13:42:29-06:00	2026-10-02T13:44:47-06:00	138	0	replay_client.py replay/ep50/requests.json 20 (server pid 1352510)
cond3_ep99	2026-10-02T13:44:47-06:00	2026-10-02T13:46:46-06:00	119	0	replay_client.py replay/ep99/requests.json 20 (server pid 1352510)
cond3_ep92	2026-10-02T13:46:46-06:00	2026-10-02T13:48:47-06:00	121	0	replay_client.py replay/ep92/requests.json 20 (server pid 1352510)
cond3_ep212	2026-10-02T13:48:48-06:00	2026-10-02T13:51:32-06:00	164	0	replay_client.py replay/ep212/requests.json 20 (server pid 1352510)
