validate	2026-10-01T23:26:23-06:00	2026-10-01T23:26:43-06:00	20	3	cd /home/boosterk1/Projects/k1_research/NaVILA-Bench && OMNI_KIT_ACCEPT_EULA=yes PYTHONDONTWRITEBYTECODE=1 timeout -k 30 3600 python /home/boosterk1/Projects/k1_research/airc2027_replay/scripts/navila_eval_v3_LOG.py --task=k1_matterport_vision --num_envs=1 --checkpoint=/home/boosterk1/Projects/k1_research/checkpoints/model_14498.pt --episode_idx=92 --gait_phase_init=0.0 --out_tag=fr_validate --closed_loop --max_episode_s 120 --vlm_transform stretch --headless --enable_cameras --log_dir /home/boosterk1/Projects/k1_research/airc2027_replay/runs/validate
server_session1	2026-10-01T23:26:07-06:00	2026-10-01T23:29:43-06:00	216	143	cd /home/boosterk1/Projects/k1_research/NaVILA-Bench && conda activate navila && python scripts/vlm_server_bridge.py --model_path ~/Projects/k1_research/booster/NaVILA/checkpoints/navila-llama3-8b-8f --port 54321 --load_8bit (stopped by SIGTERM; rc = 128+signal)
# --- attempt 2 (copy patched: PNG decode via cv2), 2026-10-02 ---
validate	2026-10-02T10:02:42-06:00	2026-10-02T10:06:05-06:00	203	0	cd /home/boosterk1/Projects/k1_research/NaVILA-Bench && OMNI_KIT_ACCEPT_EULA=yes PYTHONDONTWRITEBYTECODE=1 timeout -k 30 3600 python /home/boosterk1/Projects/k1_research/airc2027_replay/scripts/navila_eval_v3_LOG.py --task=k1_matterport_vision --num_envs=1 --checkpoint=/home/boosterk1/Projects/k1_research/checkpoints/model_14498.pt --episode_idx=92 --gait_phase_init=0.0 --out_tag=fr_validate --closed_loop --max_episode_s 120 --vlm_transform stretch --headless --enable_cameras --log_dir /home/boosterk1/Projects/k1_research/airc2027_replay/runs/validate
ep3_A	2026-10-02T10:07:24-06:00	2026-10-02T10:11:46-06:00	262	0	cd /home/boosterk1/Projects/k1_research/NaVILA-Bench && OMNI_KIT_ACCEPT_EULA=yes PYTHONDONTWRITEBYTECODE=1 timeout -k 30 3600 python /home/boosterk1/Projects/k1_research/airc2027_replay/scripts/navila_eval_v3_LOG.py --task=k1_matterport_vision --num_envs=1 --checkpoint=/home/boosterk1/Projects/k1_research/checkpoints/model_14498.pt --episode_idx=3 --gait_phase_init=0.0 --out_tag=fr_ep3_A --closed_loop --max_episode_s 120 --vlm_transform stretch --headless --enable_cameras --log_dir /home/boosterk1/Projects/k1_research/airc2027_replay/runs/ep3_A
ep3_B	2026-10-02T10:11:47-06:00	2026-10-02T10:15:36-06:00	229	0	cd /home/boosterk1/Projects/k1_research/NaVILA-Bench && OMNI_KIT_ACCEPT_EULA=yes PYTHONDONTWRITEBYTECODE=1 timeout -k 30 3600 python /home/boosterk1/Projects/k1_research/airc2027_replay/scripts/navila_eval_v3_LOG.py --task=k1_matterport_vision --num_envs=1 --checkpoint=/home/boosterk1/Projects/k1_research/checkpoints/model_14498.pt --episode_idx=3 --gait_phase_init=0.0 --out_tag=fr_ep3_B --closed_loop --max_episode_s 120 --vlm_transform stretch --headless --enable_cameras --log_dir /home/boosterk1/Projects/k1_research/airc2027_replay/runs/ep3_B
ep8_A	2026-10-02T10:15:38-06:00	2026-10-02T10:20:32-06:00	294	0	cd /home/boosterk1/Projects/k1_research/NaVILA-Bench && OMNI_KIT_ACCEPT_EULA=yes PYTHONDONTWRITEBYTECODE=1 timeout -k 30 3600 python /home/boosterk1/Projects/k1_research/airc2027_replay/scripts/navila_eval_v3_LOG.py --task=k1_matterport_vision --num_envs=1 --checkpoint=/home/boosterk1/Projects/k1_research/checkpoints/model_14498.pt --episode_idx=8 --gait_phase_init=0.0 --out_tag=fr_ep8_A --closed_loop --max_episode_s 120 --vlm_transform stretch --headless --enable_cameras --log_dir /home/boosterk1/Projects/k1_research/airc2027_replay/runs/ep8_A
ep8_B	2026-10-02T10:20:32-06:00	2026-10-02T10:26:59-06:00	387	0	cd /home/boosterk1/Projects/k1_research/NaVILA-Bench && OMNI_KIT_ACCEPT_EULA=yes PYTHONDONTWRITEBYTECODE=1 timeout -k 30 3600 python /home/boosterk1/Projects/k1_research/airc2027_replay/scripts/navila_eval_v3_LOG.py --task=k1_matterport_vision --num_envs=1 --checkpoint=/home/boosterk1/Projects/k1_research/checkpoints/model_14498.pt --episode_idx=8 --gait_phase_init=0.0 --out_tag=fr_ep8_B --closed_loop --max_episode_s 120 --vlm_transform stretch --headless --enable_cameras --log_dir /home/boosterk1/Projects/k1_research/airc2027_replay/runs/ep8_B
ep16_A	2026-10-02T10:27:01-06:00	2026-10-02T10:40:55-06:00	834	0	cd /home/boosterk1/Projects/k1_research/NaVILA-Bench && OMNI_KIT_ACCEPT_EULA=yes PYTHONDONTWRITEBYTECODE=1 timeout -k 30 3600 python /home/boosterk1/Projects/k1_research/airc2027_replay/scripts/navila_eval_v3_LOG.py --task=k1_matterport_vision --num_envs=1 --checkpoint=/home/boosterk1/Projects/k1_research/checkpoints/model_14498.pt --episode_idx=16 --gait_phase_init=0.0 --out_tag=fr_ep16_A --closed_loop --max_episode_s 120 --vlm_transform stretch --headless --enable_cameras --log_dir /home/boosterk1/Projects/k1_research/airc2027_replay/runs/ep16_A
ep16_B	2026-10-02T10:40:56-06:00	2026-10-02T10:46:32-06:00	336	0	cd /home/boosterk1/Projects/k1_research/NaVILA-Bench && OMNI_KIT_ACCEPT_EULA=yes PYTHONDONTWRITEBYTECODE=1 timeout -k 30 3600 python /home/boosterk1/Projects/k1_research/airc2027_replay/scripts/navila_eval_v3_LOG.py --task=k1_matterport_vision --num_envs=1 --checkpoint=/home/boosterk1/Projects/k1_research/checkpoints/model_14498.pt --episode_idx=16 --gait_phase_init=0.0 --out_tag=fr_ep16_B --closed_loop --max_episode_s 120 --vlm_transform stretch --headless --enable_cameras --log_dir /home/boosterk1/Projects/k1_research/airc2027_replay/runs/ep16_B
ep20_A	2026-10-02T10:46:33-06:00	2026-10-02T10:51:18-06:00	285	0	cd /home/boosterk1/Projects/k1_research/NaVILA-Bench && OMNI_KIT_ACCEPT_EULA=yes PYTHONDONTWRITEBYTECODE=1 timeout -k 30 3600 python /home/boosterk1/Projects/k1_research/airc2027_replay/scripts/navila_eval_v3_LOG.py --task=k1_matterport_vision --num_envs=1 --checkpoint=/home/boosterk1/Projects/k1_research/checkpoints/model_14498.pt --episode_idx=20 --gait_phase_init=0.0 --out_tag=fr_ep20_A --closed_loop --max_episode_s 120 --vlm_transform stretch --headless --enable_cameras --log_dir /home/boosterk1/Projects/k1_research/airc2027_replay/runs/ep20_A
ep20_B	2026-10-02T10:51:19-06:00	2026-10-02T10:55:58-06:00	279	0	cd /home/boosterk1/Projects/k1_research/NaVILA-Bench && OMNI_KIT_ACCEPT_EULA=yes PYTHONDONTWRITEBYTECODE=1 timeout -k 30 3600 python /home/boosterk1/Projects/k1_research/airc2027_replay/scripts/navila_eval_v3_LOG.py --task=k1_matterport_vision --num_envs=1 --checkpoint=/home/boosterk1/Projects/k1_research/checkpoints/model_14498.pt --episode_idx=20 --gait_phase_init=0.0 --out_tag=fr_ep20_B --closed_loop --max_episode_s 120 --vlm_transform stretch --headless --enable_cameras --log_dir /home/boosterk1/Projects/k1_research/airc2027_replay/runs/ep20_B
ep50_A	2026-10-02T10:56:00-06:00	2026-10-02T11:11:16-06:00	916	0	cd /home/boosterk1/Projects/k1_research/NaVILA-Bench && OMNI_KIT_ACCEPT_EULA=yes PYTHONDONTWRITEBYTECODE=1 timeout -k 30 3600 python /home/boosterk1/Projects/k1_research/airc2027_replay/scripts/navila_eval_v3_LOG.py --task=k1_matterport_vision --num_envs=1 --checkpoint=/home/boosterk1/Projects/k1_research/checkpoints/model_14498.pt --episode_idx=50 --gait_phase_init=0.0 --out_tag=fr_ep50_A --closed_loop --max_episode_s 120 --vlm_transform stretch --headless --enable_cameras --log_dir /home/boosterk1/Projects/k1_research/airc2027_replay/runs/ep50_A
ep50_B	2026-10-02T11:11:16-06:00	2026-10-02T11:26:17-06:00	901	0	cd /home/boosterk1/Projects/k1_research/NaVILA-Bench && OMNI_KIT_ACCEPT_EULA=yes PYTHONDONTWRITEBYTECODE=1 timeout -k 30 3600 python /home/boosterk1/Projects/k1_research/airc2027_replay/scripts/navila_eval_v3_LOG.py --task=k1_matterport_vision --num_envs=1 --checkpoint=/home/boosterk1/Projects/k1_research/checkpoints/model_14498.pt --episode_idx=50 --gait_phase_init=0.0 --out_tag=fr_ep50_B --closed_loop --max_episode_s 120 --vlm_transform stretch --headless --enable_cameras --log_dir /home/boosterk1/Projects/k1_research/airc2027_replay/runs/ep50_B
ep99_A	2026-10-02T11:26:19-06:00	2026-10-02T11:33:33-06:00	434	0	cd /home/boosterk1/Projects/k1_research/NaVILA-Bench && OMNI_KIT_ACCEPT_EULA=yes PYTHONDONTWRITEBYTECODE=1 timeout -k 30 3600 python /home/boosterk1/Projects/k1_research/airc2027_replay/scripts/navila_eval_v3_LOG.py --task=k1_matterport_vision --num_envs=1 --checkpoint=/home/boosterk1/Projects/k1_research/checkpoints/model_14498.pt --episode_idx=99 --gait_phase_init=0.0 --out_tag=fr_ep99_A --closed_loop --max_episode_s 120 --vlm_transform stretch --headless --enable_cameras --log_dir /home/boosterk1/Projects/k1_research/airc2027_replay/runs/ep99_A
ep99_B	2026-10-02T11:33:33-06:00	2026-10-02T11:39:01-06:00	328	0	cd /home/boosterk1/Projects/k1_research/NaVILA-Bench && OMNI_KIT_ACCEPT_EULA=yes PYTHONDONTWRITEBYTECODE=1 timeout -k 30 3600 python /home/boosterk1/Projects/k1_research/airc2027_replay/scripts/navila_eval_v3_LOG.py --task=k1_matterport_vision --num_envs=1 --checkpoint=/home/boosterk1/Projects/k1_research/checkpoints/model_14498.pt --episode_idx=99 --gait_phase_init=0.0 --out_tag=fr_ep99_B --closed_loop --max_episode_s 120 --vlm_transform stretch --headless --enable_cameras --log_dir /home/boosterk1/Projects/k1_research/airc2027_replay/runs/ep99_B
ep92_A	2026-10-02T11:39:03-06:00	2026-10-02T11:42:42-06:00	219	0	cd /home/boosterk1/Projects/k1_research/NaVILA-Bench && OMNI_KIT_ACCEPT_EULA=yes PYTHONDONTWRITEBYTECODE=1 timeout -k 30 3600 python /home/boosterk1/Projects/k1_research/airc2027_replay/scripts/navila_eval_v3_LOG.py --task=k1_matterport_vision --num_envs=1 --checkpoint=/home/boosterk1/Projects/k1_research/checkpoints/model_14498.pt --episode_idx=92 --gait_phase_init=0.0 --out_tag=fr_ep92_A --closed_loop --max_episode_s 120 --vlm_transform stretch --headless --enable_cameras --log_dir /home/boosterk1/Projects/k1_research/airc2027_replay/runs/ep92_A
ep92_B	2026-10-02T11:42:43-06:00	2026-10-02T11:45:54-06:00	191	0	cd /home/boosterk1/Projects/k1_research/NaVILA-Bench && OMNI_KIT_ACCEPT_EULA=yes PYTHONDONTWRITEBYTECODE=1 timeout -k 30 3600 python /home/boosterk1/Projects/k1_research/airc2027_replay/scripts/navila_eval_v3_LOG.py --task=k1_matterport_vision --num_envs=1 --checkpoint=/home/boosterk1/Projects/k1_research/checkpoints/model_14498.pt --episode_idx=92 --gait_phase_init=0.0 --out_tag=fr_ep92_B --closed_loop --max_episode_s 120 --vlm_transform stretch --headless --enable_cameras --log_dir /home/boosterk1/Projects/k1_research/airc2027_replay/runs/ep92_B
ep212_A	2026-10-02T11:45:56-06:00	2026-10-02T11:49:53-06:00	237	0	cd /home/boosterk1/Projects/k1_research/NaVILA-Bench && OMNI_KIT_ACCEPT_EULA=yes PYTHONDONTWRITEBYTECODE=1 timeout -k 30 3600 python /home/boosterk1/Projects/k1_research/airc2027_replay/scripts/navila_eval_v3_LOG.py --task=k1_matterport_vision --num_envs=1 --checkpoint=/home/boosterk1/Projects/k1_research/checkpoints/model_14498.pt --episode_idx=212 --gait_phase_init=0.0 --out_tag=fr_ep212_A --closed_loop --max_episode_s 120 --vlm_transform stretch --headless --enable_cameras --log_dir /home/boosterk1/Projects/k1_research/airc2027_replay/runs/ep212_A
ep212_B	2026-10-02T11:49:54-06:00	2026-10-02T11:53:47-06:00	233	0	cd /home/boosterk1/Projects/k1_research/NaVILA-Bench && OMNI_KIT_ACCEPT_EULA=yes PYTHONDONTWRITEBYTECODE=1 timeout -k 30 3600 python /home/boosterk1/Projects/k1_research/airc2027_replay/scripts/navila_eval_v3_LOG.py --task=k1_matterport_vision --num_envs=1 --checkpoint=/home/boosterk1/Projects/k1_research/checkpoints/model_14498.pt --episode_idx=212 --gait_phase_init=0.0 --out_tag=fr_ep212_B --closed_loop --max_episode_s 120 --vlm_transform stretch --headless --enable_cameras --log_dir /home/boosterk1/Projects/k1_research/airc2027_replay/runs/ep212_B
ep3_R	2026-10-02T11:53:49-06:00	2026-10-02T11:58:11-06:00	262	0	cd /home/boosterk1/Projects/k1_research/NaVILA-Bench && OMNI_KIT_ACCEPT_EULA=yes PYTHONDONTWRITEBYTECODE=1 timeout -k 30 3600 python /home/boosterk1/Projects/k1_research/airc2027_replay/scripts/navila_eval_v3_LOG.py --task=k1_matterport_vision --num_envs=1 --checkpoint=/home/boosterk1/Projects/k1_research/checkpoints/model_14498.pt --episode_idx=3 --gait_phase_init=0.0 --out_tag=fr_ep3_R --closed_loop --max_episode_s 120 --vlm_transform stretch --headless --enable_cameras --log_dir /home/boosterk1/Projects/k1_research/airc2027_replay/runs/ep3_R --replay_frames_from /home/boosterk1/Projects/k1_research/airc2027_replay/runs/ep3_A
ep8_R	2026-10-02T11:58:12-06:00	2026-10-02T12:03:10-06:00	298	0	cd /home/boosterk1/Projects/k1_research/NaVILA-Bench && OMNI_KIT_ACCEPT_EULA=yes PYTHONDONTWRITEBYTECODE=1 timeout -k 30 3600 python /home/boosterk1/Projects/k1_research/airc2027_replay/scripts/navila_eval_v3_LOG.py --task=k1_matterport_vision --num_envs=1 --checkpoint=/home/boosterk1/Projects/k1_research/checkpoints/model_14498.pt --episode_idx=8 --gait_phase_init=0.0 --out_tag=fr_ep8_R --closed_loop --max_episode_s 120 --vlm_transform stretch --headless --enable_cameras --log_dir /home/boosterk1/Projects/k1_research/airc2027_replay/runs/ep8_R --replay_frames_from /home/boosterk1/Projects/k1_research/airc2027_replay/runs/ep8_A
ep16_R	2026-10-02T12:03:10-06:00	2026-10-02T12:17:20-06:00	850	0	cd /home/boosterk1/Projects/k1_research/NaVILA-Bench && OMNI_KIT_ACCEPT_EULA=yes PYTHONDONTWRITEBYTECODE=1 timeout -k 30 3600 python /home/boosterk1/Projects/k1_research/airc2027_replay/scripts/navila_eval_v3_LOG.py --task=k1_matterport_vision --num_envs=1 --checkpoint=/home/boosterk1/Projects/k1_research/checkpoints/model_14498.pt --episode_idx=16 --gait_phase_init=0.0 --out_tag=fr_ep16_R --closed_loop --max_episode_s 120 --vlm_transform stretch --headless --enable_cameras --log_dir /home/boosterk1/Projects/k1_research/airc2027_replay/runs/ep16_R --replay_frames_from /home/boosterk1/Projects/k1_research/airc2027_replay/runs/ep16_A
ep20_R	2026-10-02T12:17:21-06:00	2026-10-02T12:22:08-06:00	287	0	cd /home/boosterk1/Projects/k1_research/NaVILA-Bench && OMNI_KIT_ACCEPT_EULA=yes PYTHONDONTWRITEBYTECODE=1 timeout -k 30 3600 python /home/boosterk1/Projects/k1_research/airc2027_replay/scripts/navila_eval_v3_LOG.py --task=k1_matterport_vision --num_envs=1 --checkpoint=/home/boosterk1/Projects/k1_research/checkpoints/model_14498.pt --episode_idx=20 --gait_phase_init=0.0 --out_tag=fr_ep20_R --closed_loop --max_episode_s 120 --vlm_transform stretch --headless --enable_cameras --log_dir /home/boosterk1/Projects/k1_research/airc2027_replay/runs/ep20_R --replay_frames_from /home/boosterk1/Projects/k1_research/airc2027_replay/runs/ep20_A
ep50_R	2026-10-02T12:22:09-06:00	2026-10-02T12:37:36-06:00	927	0	cd /home/boosterk1/Projects/k1_research/NaVILA-Bench && OMNI_KIT_ACCEPT_EULA=yes PYTHONDONTWRITEBYTECODE=1 timeout -k 30 3600 python /home/boosterk1/Projects/k1_research/airc2027_replay/scripts/navila_eval_v3_LOG.py --task=k1_matterport_vision --num_envs=1 --checkpoint=/home/boosterk1/Projects/k1_research/checkpoints/model_14498.pt --episode_idx=50 --gait_phase_init=0.0 --out_tag=fr_ep50_R --closed_loop --max_episode_s 120 --vlm_transform stretch --headless --enable_cameras --log_dir /home/boosterk1/Projects/k1_research/airc2027_replay/runs/ep50_R --replay_frames_from /home/boosterk1/Projects/k1_research/airc2027_replay/runs/ep50_A
ep99_R	2026-10-02T12:37:37-06:00	2026-10-02T12:44:56-06:00	439	0	cd /home/boosterk1/Projects/k1_research/NaVILA-Bench && OMNI_KIT_ACCEPT_EULA=yes PYTHONDONTWRITEBYTECODE=1 timeout -k 30 3600 python /home/boosterk1/Projects/k1_research/airc2027_replay/scripts/navila_eval_v3_LOG.py --task=k1_matterport_vision --num_envs=1 --checkpoint=/home/boosterk1/Projects/k1_research/checkpoints/model_14498.pt --episode_idx=99 --gait_phase_init=0.0 --out_tag=fr_ep99_R --closed_loop --max_episode_s 120 --vlm_transform stretch --headless --enable_cameras --log_dir /home/boosterk1/Projects/k1_research/airc2027_replay/runs/ep99_R --replay_frames_from /home/boosterk1/Projects/k1_research/airc2027_replay/runs/ep99_A
ep92_R	2026-10-02T12:44:56-06:00	2026-10-02T12:48:34-06:00	218	0	cd /home/boosterk1/Projects/k1_research/NaVILA-Bench && OMNI_KIT_ACCEPT_EULA=yes PYTHONDONTWRITEBYTECODE=1 timeout -k 30 3600 python /home/boosterk1/Projects/k1_research/airc2027_replay/scripts/navila_eval_v3_LOG.py --task=k1_matterport_vision --num_envs=1 --checkpoint=/home/boosterk1/Projects/k1_research/checkpoints/model_14498.pt --episode_idx=92 --gait_phase_init=0.0 --out_tag=fr_ep92_R --closed_loop --max_episode_s 120 --vlm_transform stretch --headless --enable_cameras --log_dir /home/boosterk1/Projects/k1_research/airc2027_replay/runs/ep92_R --replay_frames_from /home/boosterk1/Projects/k1_research/airc2027_replay/runs/ep92_A
ep212_R	2026-10-02T12:48:35-06:00	2026-10-02T12:52:33-06:00	238	0	cd /home/boosterk1/Projects/k1_research/NaVILA-Bench && OMNI_KIT_ACCEPT_EULA=yes PYTHONDONTWRITEBYTECODE=1 timeout -k 30 3600 python /home/boosterk1/Projects/k1_research/airc2027_replay/scripts/navila_eval_v3_LOG.py --task=k1_matterport_vision --num_envs=1 --checkpoint=/home/boosterk1/Projects/k1_research/checkpoints/model_14498.pt --episode_idx=212 --gait_phase_init=0.0 --out_tag=fr_ep212_R --closed_loop --max_episode_s 120 --vlm_transform stretch --headless --enable_cameras --log_dir /home/boosterk1/Projects/k1_research/airc2027_replay/runs/ep212_R --replay_frames_from /home/boosterk1/Projects/k1_research/airc2027_replay/runs/ep212_A
ep3_cond1	2026-10-02T12:53:30-06:00	2026-10-02T12:56:10-06:00	160	0	cd /home/boosterk1/Projects/k1_research/NaVILA-Bench && OMNI_KIT_ACCEPT_EULA=yes PYTHONDONTWRITEBYTECODE=1 timeout -k 30 3600 python /home/boosterk1/Projects/k1_research/airc2027_replay/scripts/navila_eval_v3_LOG.py --task=k1_matterport_vision --num_envs=1 --checkpoint=/home/boosterk1/Projects/k1_research/checkpoints/model_14498.pt --episode_idx=3 --gait_phase_init=0.0 --out_tag=fr_ep3_cond1 --closed_loop --max_episode_s 120 --vlm_transform stretch --headless --enable_cameras --log_dir /home/boosterk1/Projects/k1_research/airc2027_replay/replay/ep3/cond1 --replay_queries /home/boosterk1/Projects/k1_research/airc2027_replay/replay/ep3/requests.json --replay_n 20
ep8_cond1	2026-10-02T12:56:11-06:00	2026-10-02T12:59:37-06:00	206	0	cd /home/boosterk1/Projects/k1_research/NaVILA-Bench && OMNI_KIT_ACCEPT_EULA=yes PYTHONDONTWRITEBYTECODE=1 timeout -k 30 3600 python /home/boosterk1/Projects/k1_research/airc2027_replay/scripts/navila_eval_v3_LOG.py --task=k1_matterport_vision --num_envs=1 --checkpoint=/home/boosterk1/Projects/k1_research/checkpoints/model_14498.pt --episode_idx=8 --gait_phase_init=0.0 --out_tag=fr_ep8_cond1 --closed_loop --max_episode_s 120 --vlm_transform stretch --headless --enable_cameras --log_dir /home/boosterk1/Projects/k1_research/airc2027_replay/replay/ep8/cond1 --replay_queries /home/boosterk1/Projects/k1_research/airc2027_replay/replay/ep8/requests.json --replay_n 20
ep16_cond1	2026-10-02T12:59:38-06:00	2026-10-02T13:01:54-06:00	136	0	cd /home/boosterk1/Projects/k1_research/NaVILA-Bench && OMNI_KIT_ACCEPT_EULA=yes PYTHONDONTWRITEBYTECODE=1 timeout -k 30 3600 python /home/boosterk1/Projects/k1_research/airc2027_replay/scripts/navila_eval_v3_LOG.py --task=k1_matterport_vision --num_envs=1 --checkpoint=/home/boosterk1/Projects/k1_research/checkpoints/model_14498.pt --episode_idx=16 --gait_phase_init=0.0 --out_tag=fr_ep16_cond1 --closed_loop --max_episode_s 120 --vlm_transform stretch --headless --enable_cameras --log_dir /home/boosterk1/Projects/k1_research/airc2027_replay/replay/ep16/cond1 --replay_queries /home/boosterk1/Projects/k1_research/airc2027_replay/replay/ep16/requests.json --replay_n 20
ep20_cond1	2026-10-02T13:01:55-06:00	2026-10-02T13:04:22-06:00	147	0	cd /home/boosterk1/Projects/k1_research/NaVILA-Bench && OMNI_KIT_ACCEPT_EULA=yes PYTHONDONTWRITEBYTECODE=1 timeout -k 30 3600 python /home/boosterk1/Projects/k1_research/airc2027_replay/scripts/navila_eval_v3_LOG.py --task=k1_matterport_vision --num_envs=1 --checkpoint=/home/boosterk1/Projects/k1_research/checkpoints/model_14498.pt --episode_idx=20 --gait_phase_init=0.0 --out_tag=fr_ep20_cond1 --closed_loop --max_episode_s 120 --vlm_transform stretch --headless --enable_cameras --log_dir /home/boosterk1/Projects/k1_research/airc2027_replay/replay/ep20/cond1 --replay_queries /home/boosterk1/Projects/k1_research/airc2027_replay/replay/ep20/requests.json --replay_n 20
ep50_cond1	2026-10-02T13:04:23-06:00	2026-10-02T13:07:08-06:00	165	0	cd /home/boosterk1/Projects/k1_research/NaVILA-Bench && OMNI_KIT_ACCEPT_EULA=yes PYTHONDONTWRITEBYTECODE=1 timeout -k 30 3600 python /home/boosterk1/Projects/k1_research/airc2027_replay/scripts/navila_eval_v3_LOG.py --task=k1_matterport_vision --num_envs=1 --checkpoint=/home/boosterk1/Projects/k1_research/checkpoints/model_14498.pt --episode_idx=50 --gait_phase_init=0.0 --out_tag=fr_ep50_cond1 --closed_loop --max_episode_s 120 --vlm_transform stretch --headless --enable_cameras --log_dir /home/boosterk1/Projects/k1_research/airc2027_replay/replay/ep50/cond1 --replay_queries /home/boosterk1/Projects/k1_research/airc2027_replay/replay/ep50/requests.json --replay_n 20
ep99_cond1	2026-10-02T13:07:09-06:00	2026-10-02T13:09:33-06:00	144	0	cd /home/boosterk1/Projects/k1_research/NaVILA-Bench && OMNI_KIT_ACCEPT_EULA=yes PYTHONDONTWRITEBYTECODE=1 timeout -k 30 3600 python /home/boosterk1/Projects/k1_research/airc2027_replay/scripts/navila_eval_v3_LOG.py --task=k1_matterport_vision --num_envs=1 --checkpoint=/home/boosterk1/Projects/k1_research/checkpoints/model_14498.pt --episode_idx=99 --gait_phase_init=0.0 --out_tag=fr_ep99_cond1 --closed_loop --max_episode_s 120 --vlm_transform stretch --headless --enable_cameras --log_dir /home/boosterk1/Projects/k1_research/airc2027_replay/replay/ep99/cond1 --replay_queries /home/boosterk1/Projects/k1_research/airc2027_replay/replay/ep99/requests.json --replay_n 20
ep92_cond1	2026-10-02T13:09:34-06:00	2026-10-02T13:11:58-06:00	144	0	cd /home/boosterk1/Projects/k1_research/NaVILA-Bench && OMNI_KIT_ACCEPT_EULA=yes PYTHONDONTWRITEBYTECODE=1 timeout -k 30 3600 python /home/boosterk1/Projects/k1_research/airc2027_replay/scripts/navila_eval_v3_LOG.py --task=k1_matterport_vision --num_envs=1 --checkpoint=/home/boosterk1/Projects/k1_research/checkpoints/model_14498.pt --episode_idx=92 --gait_phase_init=0.0 --out_tag=fr_ep92_cond1 --closed_loop --max_episode_s 120 --vlm_transform stretch --headless --enable_cameras --log_dir /home/boosterk1/Projects/k1_research/airc2027_replay/replay/ep92/cond1 --replay_queries /home/boosterk1/Projects/k1_research/airc2027_replay/replay/ep92/requests.json --replay_n 20
ep212_cond1	2026-10-02T13:11:59-06:00	2026-10-02T13:15:12-06:00	193	0	cd /home/boosterk1/Projects/k1_research/NaVILA-Bench && OMNI_KIT_ACCEPT_EULA=yes PYTHONDONTWRITEBYTECODE=1 timeout -k 30 3600 python /home/boosterk1/Projects/k1_research/airc2027_replay/scripts/navila_eval_v3_LOG.py --task=k1_matterport_vision --num_envs=1 --checkpoint=/home/boosterk1/Projects/k1_research/checkpoints/model_14498.pt --episode_idx=212 --gait_phase_init=0.0 --out_tag=fr_ep212_cond1 --closed_loop --max_episode_s 120 --vlm_transform stretch --headless --enable_cameras --log_dir /home/boosterk1/Projects/k1_research/airc2027_replay/replay/ep212/cond1 --replay_queries /home/boosterk1/Projects/k1_research/airc2027_replay/replay/ep212/requests.json --replay_n 20
server_session1	2026-10-02T10:02:25-06:00	2026-10-02T13:33:15-06:00	12650	143	cd /home/boosterk1/Projects/k1_research/NaVILA-Bench && conda activate navila && python scripts/vlm_server_bridge.py --model_path ~/Projects/k1_research/booster/NaVILA/checkpoints/navila-llama3-8b-8f --port 54321 --load_8bit (stopped by SIGTERM; rc = 128+signal)
server_session2	2026-10-02T13:33:15-06:00	2026-10-02T23:14:42-06:00	34887	143	cd /home/boosterk1/Projects/k1_research/NaVILA-Bench && conda activate navila && python scripts/vlm_server_bridge.py --model_path ~/Projects/k1_research/booster/NaVILA/checkpoints/navila-llama3-8b-8f --port 54321 --load_8bit (stopped by SIGTERM; rc = 128+signal)
