path,bytes,sha256
qstar_frames/ep16/A_slot1_f0000.png,575953,39bf478e8b2b4b298dc53f240046734b5d49b950e011c3307af61156c8cede1f
qstar_frames/ep16/A_slot2_f0011.png,601314,5d4a3b6a7ccb9acb40f5f7b791e6c86fba32322b7d2417a658121ebad4834313
qstar_frames/ep16/A_slot3_f0023.png,650762,7bf22241fbcc95bf61758cfa63cdc4c1568bb2d2111f54e3d2e94e379a8f9cf4
qstar_frames/ep16/A_slot4_f0034.png,486994,8d505f01e1fc7dda7911c95a55d2912d5b3217ea6cc9027eb1d99f104a06b837
qstar_frames/ep16/A_slot5_f0046.png,657196,8b138fb98ada8bc3dd517430ca3b1d8554cf41ac5b33a7bc243bc8d53ea8fd70
qstar_frames/ep16/A_slot6_f0057.png,595830,4b9c4f990f2eea75665be04ed92977cf910dfbc5816d664736d8b50f055ea0b0
qstar_frames/ep16/A_slot7_f0069.png,729411,341202f46e9eececfb0b25cb356dd9df881c98f55a1604b7c2c1ad793ec28d6f
qstar_frames/ep16/A_slot8_f0081.png,507874,e31f6563fcac7d3eca883caf127def46d11d0b30a1846bd82a52e2c377babc8f
qstar_frames/ep16/B_slot1_f0000.png,576568,bb2d97afb7630e41732905dd71041ca205b9049f3efe0f11e264dfe27a986df4
qstar_frames/ep16/B_slot2_f0011.png,601631,b4615182bb652fb6bab70cd32e02f874d4645fbb5fa0d5c409186bcb76f8b43b
qstar_frames/ep16/B_slot3_f0023.png,651210,be0d43ee85c9079d2813cd4242d930ab5b88bbb8da7eda61258c2c6f41ba849d
qstar_frames/ep16/B_slot4_f0034.png,487939,71a1fbe6076b94ff8ac8ae62811ae0526279afc63331c4615571b5c066337b44
qstar_frames/ep16/B_slot5_f0046.png,657229,71fb7ff5fc137f3c9c8a351269b53c3b4ec7edf6a4d2fedcd11cfd3c54e665b0
qstar_frames/ep16/B_slot6_f0057.png,596014,1b0a6c9bfc96329ebce6100d59de0cb086a6499e6bab7da179feb68abf50ccb9
qstar_frames/ep16/B_slot7_f0069.png,729513,79ae3db3db0cbb12aaf807aba0cd8e1136edd91fa449c4d930e9e095b1cb306c
qstar_frames/ep16/B_slot8_f0081.png,507317,8d7c106c79dfbbbbabdca7f53b443a39133a2976700a81424686f826a7d2c428
qstar_frames/ep16/absdiff_slot1_raw.png,126968,411aecf608529720dae9f0695d686804c28662e06ba68fa8208091ef02fd3400
qstar_frames/ep16/absdiff_slot1_vis.png,200040,eee620a61c3c66d015e9566e9ceaefc7f53cb979e1d884d93b4df3ca68ad0298
qstar_frames/ep16/absdiff_slot2_raw.png,127285,ca766e7ab0ca78cb639b1204ca74fb79409af3b559e257d07af60f1efe02999f
qstar_frames/ep16/absdiff_slot2_vis.png,225564,ed14e6659df9f3f58da2c7eef2c894d348f810a084537857387b60f4f7b95352
qstar_frames/ep16/absdiff_slot3_raw.png,136312,0e0a202a7ada93eab472ff4764c50a8d813e91431e6adf28f37f88bff876ba0c
qstar_frames/ep16/absdiff_slot3_vis.png,238906,8b3997ba56485d13d8b027755f0f37a32ca98e3a3c1d1ba9ac3bfa8457b4da80
qstar_frames/ep16/absdiff_slot4_raw.png,136484,079e3fd13953f16af486a53a982a53055862851acc9f009378e122dc9003e836
qstar_frames/ep16/absdiff_slot4_vis.png,230164,3ec69627ca43c443f0cf4a19eb443b3594f62f5dd3fe539bbbddf2fb8ea8b654
qstar_frames/ep16/absdiff_slot5_raw.png,136886,d72d09dc01ab365d6839553999e485c4a3b42e8cdc127a42a20c867c387804ef
qstar_frames/ep16/absdiff_slot5_vis.png,243351,c542ab25b3213d33c623da05c77a0db2920e6e798003a6b2254d383700fce740
qstar_frames/ep16/absdiff_slot6_raw.png,131977,ecf369c3693ec328b1ed484de94bec38ea88ce4dfd0bb18d9607838d01006d29
qstar_frames/ep16/absdiff_slot6_vis.png,226313,db7bf00ee1ed8530cc3e6c63bb0b67581cc0bd1d13f220bbc3b59a40651fcbf8
qstar_frames/ep16/absdiff_slot7_raw.png,145208,0325d826aca2f8df34c3b02c2620266aeed9c8a208697c4aa02058c427fa8a14
qstar_frames/ep16/absdiff_slot7_vis.png,253471,b22e6a1ca10da8e991ce3b1b4a8b995da0cac2157dd513b31d03e120adb51577
qstar_frames/ep16/absdiff_slot8_raw.png,145246,028686846d41307e51354fb37775d383b5646127b92635bd54f839d4e8c8acba
qstar_frames/ep16/absdiff_slot8_vis.png,224334,14e4c3c27b07d8e938007d81b26abe88bd4909129b07a9ef6d08c2506bf4a381
qstar_frames/ep20/A_slot1_f0000.png,827885,f687c88b0d0d492596400a0a064ee483fcb710f615e50a73edc8bb765a6175dc
qstar_frames/ep20/A_slot2_f0002.png,821349,308130d5cbdcd51945b41b6355689e04eb3bc975a4938c7026d8a9a222838573
qstar_frames/ep20/A_slot3_f0005.png,824213,0c5f5ccdcc1c8af132c6d6db60686e7417bd45628d44662b95ddb09709c360f4
qstar_frames/ep20/A_slot4_f0008.png,859121,01ef64774802218012b10313be0e67a3dc6cf480ef1dd49c5a89f0b87df33e7d
qstar_frames/ep20/A_slot5_f0011.png,747875,e3ed7bf342278f1180449169f49d623897c859c3b00a7636ec325edb85f62699
qstar_frames/ep20/A_slot6_f0014.png,644670,d729be9859e6ed8fb9a7d2a430e56c756875bed6a510f76b01a4fdf6e909d373
qstar_frames/ep20/A_slot7_f0017.png,517894,d4401bdbc5224eb19fb23aa7da46243a80caa277442c5f8b2bd6019c26702036
qstar_frames/ep20/A_slot8_f0020.png,725492,f36deeec76bb282ffdb39288a5e676708b2831df7cd5428dda5742d856b7c269
qstar_frames/ep20/B_slot1_f0000.png,827313,4668ec21f7fef43f3241c078c398aa71c3d6ca491e2f05a1fc41c12f440105b6
qstar_frames/ep20/B_slot2_f0002.png,821386,fded38e1e4a9c35aa62f5aeb60244fba4668aadd814b51907d2601a286c87779
qstar_frames/ep20/B_slot3_f0005.png,824389,1a18b256c2fd7fc138b7ea8a401ac6943528e6046efde9eb29707c491a0fd559
qstar_frames/ep20/B_slot4_f0008.png,860030,e4c6980ad772cf842b48137b972dd08c0c0291b1d47b3cb032e2e7eeff2a4687
qstar_frames/ep20/B_slot5_f0011.png,748215,9d924fd71ca5431d8da1ac04ffb489e324adf796a214759b2616519e5d62098e
qstar_frames/ep20/B_slot6_f0014.png,644151,aafb7b055d3a2cde29a80ad5581b1e4ce53c7bc14fa4768969231575d0ac0898
qstar_frames/ep20/B_slot7_f0017.png,517538,40e41aae4acca6b214835867bf333444878c48bf08609252ca29b00d6f5a982f
qstar_frames/ep20/B_slot8_f0020.png,725286,9a09709219928f1ca54d0aa8d31526c9e4590222781c9c01b8f79b4f4b0d2040
qstar_frames/ep20/absdiff_slot1_raw.png,171369,895e95813a96f336c3f0974b51d7e36ff14c3f1c54b21dabaef0ef9d699d44f9
qstar_frames/ep20/absdiff_slot1_vis.png,276997,47878b5b8f1bc8a281ed86496f23bb47ffc4cad4907a3e4171a6596cb8c85367
qstar_frames/ep20/absdiff_slot2_raw.png,167518,30db165ddb421af30942c3a10c2676950ad99b21b622279f1a8777f5d2bb6fd7
qstar_frames/ep20/absdiff_slot2_vis.png,263036,8f6cfe98909389c01379034d8f2585a1bf5ed5758162127418c157fff2543c35
qstar_frames/ep20/absdiff_slot3_raw.png,174273,0ed7565b152ed6af63b225b7f63f1a37a72eb61d665d689f138ce63963527b01
qstar_frames/ep20/absdiff_slot3_vis.png,261783,15aed1a42035729e0916650cc3cf49f673daccce33bf9d349004dc07a56dcc01
qstar_frames/ep20/absdiff_slot4_raw.png,192901,cff4e4ce68610b2e8328f8c37b891a7b3c04dc38979292d2e382ba9e0f7f9eb7
qstar_frames/ep20/absdiff_slot4_vis.png,284940,9c9a1e10869ab425992f47a7507d1de8b1b9d04b349417fe2d621d582bb478e0
qstar_frames/ep20/absdiff_slot5_raw.png,153507,fddc8e29af5761c5ac1928dcafafb49b0915e9aa28892acc80ead31ef3df5d76
qstar_frames/ep20/absdiff_slot5_vis.png,255165,ea2132e28d60b22a262de20619b03814ae5dd726abc2d4029fb828b68d511511
qstar_frames/ep20/absdiff_slot6_raw.png,149136,4d5839ff8bb60a51c5163924f0b637e06f00314fdb853f626dfe3f6da239d714
qstar_frames/ep20/absdiff_slot6_vis.png,252627,5bd8119f032389f6147d3a9e77bf7a612fe8af78dd32fb107cb83d5e8ef5edc1
qstar_frames/ep20/absdiff_slot7_raw.png,149788,8ae35dc6e8dc8cd016bb4be9d01a8ad3312080c48d61138d99f77e3966e263ee
qstar_frames/ep20/absdiff_slot7_vis.png,253021,e6db5031cd99cad1d698f2f990fb93c717a5d8271cb7fe82730382f228047908
qstar_frames/ep20/absdiff_slot8_raw.png,145322,e92b52012de8640542a9797185169fd991dde1e90dfd63d0461ea41d8fa3fd7e
qstar_frames/ep20/absdiff_slot8_vis.png,248098,e45ffce187177f28a18a8ea36d061abdeed4581ae1dc1ebca8682639e002cddd
qstar_frames/ep212/A_slot1_f0000.png,1096291,ae7681dc8d32255bab87fe77d1c3cac7361ac3d0499cc9ca0640604379328b33
qstar_frames/ep212/A_slot2_f0006.png,1131850,a951904b213cf7c022f27f73962be99d70a7a2ca68af18d6996b8288f39bab4d
qstar_frames/ep212/A_slot3_f0013.png,1130946,8f301b53e9f9727bf0d83625557ca06a48b3d2a2d4a08dd629ff45a147f3f899
qstar_frames/ep212/A_slot4_f0020.png,1155992,66d6cf9677e43e5237b159898bac02e9726349fce78532a7a8ec87398bf94357
qstar_frames/ep212/A_slot5_f0026.png,1180782,97524b0153976fc0b61abe9950a00e1219f1883fe4536e5b9ef6d78ed4be1151
qstar_frames/ep212/A_slot6_f0033.png,1066492,ca5dced2a53677b58d3b4c1c0ed44837213f50005d2faaf538d309c248b548bf
qstar_frames/ep212/A_slot7_f0040.png,987454,c7ba94a538e15d754ba4a7acc342c2f79731061d43be356064237f600541b131
qstar_frames/ep212/A_slot8_f0047.png,1060905,9e865feabef76286f34c814aa529ce0e1fa12159a2a2537f140b5670aac9cbcb
qstar_frames/ep212/B_slot1_f0000.png,1098241,0cece2c586dc8027777ba2bae3ecc878ac7a657aaf60a749764fd83957a60486
qstar_frames/ep212/B_slot2_f0006.png,1131598,14f970b8ddeee490fb337df674fac83460fe07bbcc3b3e03cba17bf93beedeb1
qstar_frames/ep212/B_slot3_f0013.png,1130685,60480c131e6784f72a329cba477891083bad25acfce716dc1c1038733161f44b
qstar_frames/ep212/B_slot4_f0020.png,1156107,39b835aaf710a143ceae9132f0e6f6b06a795e87f1eec7b03f516da495ec8581
qstar_frames/ep212/B_slot5_f0026.png,1180784,bb3275121c91500b87539e6b693b70f10f0c73f198c30894ce2a71f70c1af767
qstar_frames/ep212/B_slot6_f0033.png,1066418,74671f35c1e990180837614571cdaf71a91e368d26460a1f7f40014eaeb0bede
qstar_frames/ep212/B_slot7_f0040.png,987941,c76da0c54f299c1ef649f2e055e6ec84b1980294554fc99bb98a19f666c9b196
qstar_frames/ep212/B_slot8_f0047.png,1060683,25b44928ad2fc8825cb77a1ad1dda3e101e102552738a23336c2c5f272b5eddd
qstar_frames/ep212/absdiff_slot1_raw.png,174829,919ae5e2856ddb65c8bba15b315de48c7e5e965a0682a3d6e54d4b2596f1276c
qstar_frames/ep212/absdiff_slot1_vis.png,259151,4761ee3dcc9827fce036384d3d18ef31b6afa5c74d44ffe4631d611c5919026d
qstar_frames/ep212/absdiff_slot2_raw.png,153836,413c46e64e3cffb144e35e5626b795b995ad29c071a84baa3294fb1cc65492ba
qstar_frames/ep212/absdiff_slot2_vis.png,244277,c84f9fc06ea0caccab26bafce267d858e9ef236535c07eeabbf64bb6e2216a0d
qstar_frames/ep212/absdiff_slot3_raw.png,161513,6939b9a4d6c278770a8886a7448320e476f84d111ae6232a6341a7bb96035127
qstar_frames/ep212/absdiff_slot3_vis.png,252032,43ff0bfc412229d28e5bc59b34466ecb19f5d50897fc1e4a2b64407338b9fb8d
qstar_frames/ep212/absdiff_slot4_raw.png,158745,6ddde979809f6baee9bbb614e53f0b2b29eb9ddda1c04274bfcf533191abcf5d
qstar_frames/ep212/absdiff_slot4_vis.png,242214,1cb01afd66afe1f478a0166b8e3db8b139e937477aad332a3440eec23fd199de
qstar_frames/ep212/absdiff_slot5_raw.png,163045,98c1d8a36738b135ffee707aafcdc83c348413353574bf6756b2f9ba6cdaca23
qstar_frames/ep212/absdiff_slot5_vis.png,250900,5fddff6fe582855371c0edfe9b5aef658fd724f6eff78b2c215a2a8f6a140ea6
qstar_frames/ep212/absdiff_slot6_raw.png,159784,e2d26bf76007d7f49602cbaf46c2029dd679c897499dbb440430979a42c17acc
qstar_frames/ep212/absdiff_slot6_vis.png,248405,f5581d92e44bbd8d2e3f88545cbb88354d00d0f08c451f15863a2086d5077ebd
qstar_frames/ep212/absdiff_slot7_raw.png,149798,91b35971be4f2c0657d15fead033f78b6ae8fb59382155cc23a4488af5491766
qstar_frames/ep212/absdiff_slot7_vis.png,252665,f84897c34476100e3a02c4932c8bc02a1ee6b5711b5c8d4628e4b8ff725676ee
qstar_frames/ep212/absdiff_slot8_raw.png,163096,e966f33611ec4a7b26b225ca28cd2111479da9d5e0ee9c11a7f517ca23800099
qstar_frames/ep212/absdiff_slot8_vis.png,261315,0ca59304a153118cb6f86699e90bc9b0369b8637fced84aff688c0a621132a32
qstar_frames/ep3/A_slot1_f0000.png,853955,7672f820c3c6e374d4333d285d88a80a8f37d5adf6afd0d97d26ae5b31c3ce61
qstar_frames/ep3/A_slot2_f0001.png,853090,2a4c066c05a6342334c48c9b880853f2474f3f6fe50e11ee3ae9587a00433414
qstar_frames/ep3/A_slot3_f0003.png,880711,cbd56b1de69da9bb8fe390faa055ecd7e0951e00ff2d7f3a49ae336ab30a8ce9
qstar_frames/ep3/A_slot4_f0005.png,901329,0ba73be7c6b56df05544349ab7cd28aa953b02b805fb6b041e88a53b77311933
qstar_frames/ep3/A_slot5_f0007.png,917954,e5a7bba26d8e4d20571a72884f08bc626422736ad724d9d329cc782143990958
qstar_frames/ep3/A_slot6_f0009.png,933288,1dcd3705be756329f9a7b3b2bbb56d8af0c784059737aa6001f0ddfad26b0a08
qstar_frames/ep3/A_slot7_f0011.png,829837,b144a334031dc28bbdeee143c8808d086c0b27b8291672b23a4f3156e586a33b
qstar_frames/ep3/A_slot8_f0013.png,869809,a1edb9a058016866c78eb2af9ee2fe2a471d0cd5cdd5ac24b758fd930ae2b21c
qstar_frames/ep3/B_slot1_f0000.png,853918,c2685ff69adc866fbc68488909d180e956228fc5f690315514cdf60c1d5352ad
qstar_frames/ep3/B_slot2_f0001.png,852546,5498a5af815c1dd554528fcb10c8f38740f19d7d2ab210554bae481323256e1a
qstar_frames/ep3/B_slot3_f0003.png,880475,00ae6c462a6842df98858ba6e531d4cdbffc71e55f7113ec561380ffa0da68a1
qstar_frames/ep3/B_slot4_f0005.png,901037,98a73e7b3d420a6e452c04d2a4230aa7be1f192f8eab139237f932eb0737fd6a
qstar_frames/ep3/B_slot5_f0007.png,917963,f8506071da6136bbec7417e0297e253ea68b9c9afacc96cba50a5718948589ea
qstar_frames/ep3/B_slot6_f0009.png,933543,9b809e47b68b067d83e21599a7349cc103f5570548bdc535de2ef485963cda6d
qstar_frames/ep3/B_slot7_f0011.png,828703,f99fea349b412300801a61e05544a59b994cc239941954122699b2754b41a05d
qstar_frames/ep3/B_slot8_f0013.png,869935,6f2d991cd4959336df9892f83e5c6cfb89c7c1d6a36b6bae0e373bd328c72adc
qstar_frames/ep3/absdiff_slot1_raw.png,161443,46de42dd1efd302be4158a5d33541799124603c4e3476af6cd94f1d89522632a
qstar_frames/ep3/absdiff_slot1_vis.png,267368,a6ce9efdba75556c509b635289e80bb65c77c93c2d916c2fd6d73bd338cf3a42
qstar_frames/ep3/absdiff_slot2_raw.png,158791,c8af19fda119a4b9d7f2093635a74e3e9217eff2759e3e25ea6e5dde628f4325
qstar_frames/ep3/absdiff_slot2_vis.png,260914,655bf96955afbe7da1a6b5fb6bc02d5e65edd294e3da4e6edc601ae80d42186d
qstar_frames/ep3/absdiff_slot3_raw.png,162472,6175642a8c5ade3f7f09444171d69bb5cb05d2733a14cee6490328feb624a718
qstar_frames/ep3/absdiff_slot3_vis.png,265240,633d5e4a5eab13a14f7b4dfa786b228d0fcd14fec8a5da3580301463002eea90
qstar_frames/ep3/absdiff_slot4_raw.png,181034,2e0dc34dfe1fdd53840bec1080f049362f375f458f3738b679184792bae75a90
qstar_frames/ep3/absdiff_slot4_vis.png,280546,671c3624690f9280ffbf969006a26c345e9e95e1be60fa019a442a7a58c09f7e
qstar_frames/ep3/absdiff_slot5_raw.png,193818,94ee0f0a074608dfff754a6b873977ac46edaca77d1551b931eb34b44f1508a3
qstar_frames/ep3/absdiff_slot5_vis.png,296169,8a875ba9e7698b2a9a677c537faee09af0351985c91b989400357a1c406d8922
qstar_frames/ep3/absdiff_slot6_raw.png,201647,8956d8e538b2d0e887d25887c024d2bb063ee31ca4fd8bc1dc50b0dce7cada64
qstar_frames/ep3/absdiff_slot6_vis.png,309841,2c35c53dbf8fe17b51ec304fb968aee9a0ed37d19c10fa0a184dacf2b90607eb
qstar_frames/ep3/absdiff_slot7_raw.png,151964,3747927632dd094e0c6c364c7a4fdc8a2d79ece42c1f5a8952f2160c933c9bb7
qstar_frames/ep3/absdiff_slot7_vis.png,256393,fd57f7f9de2b1d24afd12e0effb12f4b5396f44fc6ff6123bce4d43734e0ea2a
qstar_frames/ep3/absdiff_slot8_raw.png,161244,0d868e90eb5388b01b0d7a3b35dd2a44f356eeb2e0667f9ff7cbaf405b3576ab
qstar_frames/ep3/absdiff_slot8_vis.png,260450,b2c5c440d22f7af38d26dcfdc46b3ed71411c6f2fb4dd77d2fa3b4f7ccad9978
qstar_frames/ep50/A_slot1_f0000.png,984980,e617df9bb8ff27aab8518e82731fcbf524125177a0c53c7e721ff14a7247028a
qstar_frames/ep50/A_slot2_f0032.png,1113421,33ce9d6d9ab6ce588fb1387671a3823539e9635af2f0e0536aaf32652712ad69
qstar_frames/ep50/A_slot3_f0065.png,1186188,83e9c86753c4c98d826f10d8390be006780d72913177351b82f59ef9d202bab3
qstar_frames/ep50/A_slot4_f0097.png,954266,2b3a324dc12dce80ba0f3876284e0286585cdc61926df951b55de0ebe9b4848d
qstar_frames/ep50/A_slot5_f0130.png,980068,8a4c8a402b8b93f7780ac81fc4012434a95f896151055ca0aedb53aba7f2b544
qstar_frames/ep50/A_slot6_f0162.png,403811,daa7f2c57ec5c0110eda0c238c901f39bcb5caea90b1db1d68abe1ae3ec29c5f
qstar_frames/ep50/A_slot7_f0195.png,730629,c3f1f0ce2a632b8326f13d49debdfa023b7c350541fa0489a573b8456ada2167
qstar_frames/ep50/A_slot8_f0228.png,939699,8f2ac4f06443b65b0d7f995f59796eed51ecde1708a8e589945311c72cf8980a
qstar_frames/ep50/B_slot1_f0000.png,984861,70b33f21e0fd514f4dd093bf7c4a59fef7df0bb2fae691405453ea0c5fb20c53
qstar_frames/ep50/B_slot2_f0032.png,1113898,9fdffaca0f9d01fb5eafae345bd4aad1d5a662db25d2b8d42fc8e50350ac194f
qstar_frames/ep50/B_slot3_f0065.png,1186528,ca8118f7aaf39db153e06786ddfa4ebeedc799b5f71919f42bc1c29e77e026ca
qstar_frames/ep50/B_slot4_f0097.png,954224,3f869f300e4c14e176c11c27007c7ed4abf2c54fc82a78c885e885f1df8c9460
qstar_frames/ep50/B_slot5_f0130.png,979810,4fb9bce68b4c97682424679ecd51dbf6d96f5b7e6d139af15f040354c8acd0d9
qstar_frames/ep50/B_slot6_f0162.png,408529,39aa4d68f7c7a79adb2900ca9f0c3355511a8874e0a1802d19492ebb7d67e66a
qstar_frames/ep50/B_slot7_f0195.png,730896,b8d9c4472aadd68603e716730d5fc1eb769d5084444db5a233f2c9b3ef3c3109
qstar_frames/ep50/B_slot8_f0228.png,939688,2f4278456038cdcf5bac69ce7aff68b410652f1ca30cd567bd56f652283611e6
qstar_frames/ep50/absdiff_slot1_raw.png,166660,c5a27a16423314f864b430a1bd5c7e6aad1d99b57a7acaaf1e57d6534c63e43e
qstar_frames/ep50/absdiff_slot1_vis.png,270222,7e6af390373cca1227d147bdd2d746b6fd8c903aa15908c06f4255153b533cd2
qstar_frames/ep50/absdiff_slot2_raw.png,167898,b9a61caee3cc3062fa57ad0185edc2a878aaf154e8404a99b809bd249649716b
qstar_frames/ep50/absdiff_slot2_vis.png,265776,5828216f07a480304523b3f1306f87382ea9daf1bd4a8a4f84256e75cfaa1d4d
qstar_frames/ep50/absdiff_slot3_raw.png,169952,33a2cb2671ff161838bf2b1c301071facf6703b7ac792f4852310c91764e7577
qstar_frames/ep50/absdiff_slot3_vis.png,265395,8ae29ffd39b97b38fa5addc376c995cb56c3b97d9f1ec94d04083e07abf8a755
qstar_frames/ep50/absdiff_slot4_raw.png,154593,695a97d4012c4147faf9fdcf7aed6b6b9f422012c50056c0647f68ea3ad62554
qstar_frames/ep50/absdiff_slot4_vis.png,260568,59dbc3463c6223fc40a9d1015b825be6917c5950e55908a988b19489ca95ad77
qstar_frames/ep50/absdiff_slot5_raw.png,154832,6e8673a9579a33a287c3a3f831796db9efa815cca8dac123b8e3dd3b90400300
qstar_frames/ep50/absdiff_slot5_vis.png,254215,4db5c8434f3f933a8a028d9b4a04aa33fb873e7ad3df9240029b179f8aade781
qstar_frames/ep50/absdiff_slot6_raw.png,112220,b6a4da145a4440e0c69313dc69152bb1cc759d20a0a41b945bcb4b4c9dc51e34
qstar_frames/ep50/absdiff_slot6_vis.png,138377,688b9a4a12da4da2b0d57d107230ac6541595bd61769e1a2f42a9016b08df837
qstar_frames/ep50/absdiff_slot7_raw.png,147897,0a3e984971a184c683b9170cb6a5d83ddc576403e71bfb846b87c9a981d1176e
qstar_frames/ep50/absdiff_slot7_vis.png,249116,148685368c78c6b65d28e4f89ad6e365003d5ba0d8709c544079a27f2718b1e6
qstar_frames/ep50/absdiff_slot8_raw.png,144009,bb836ce6af72c0d84b01dd01304431945eb904c79dc36698e22e581ff9a9ddcf
qstar_frames/ep50/absdiff_slot8_vis.png,260780,a55190559f5424a638116de7c9483c24a27720cbf917ba112a470b9589c56fca
qstar_frames/ep8/A_slot1_f0000.png,1239735,4c4a71c65bf3b93285fad5674bb3508457142ff1628f86ac60306f6927ebb7be
qstar_frames/ep8/A_slot2_f0004.png,1290170,c29550f8faf1d68891951df4bc90b22527ce68ba74cc98a5eba673695b1283cd
qstar_frames/ep8/A_slot3_f0008.png,1290349,3791931efb8811b6549fa27a0b74a7a6e066aead38cb04432bb43c27a38689f9
qstar_frames/ep8/A_slot4_f0012.png,1231043,9ec0186ff3c1bd77bc4e18b5f1d64a795b5095984b3eda55c40dbc3142e7bb05
qstar_frames/ep8/A_slot5_f0017.png,1207347,8b12ca295dbd296ea61fb1809fcc542a678ff1699897f08ee527075bb1c35595
qstar_frames/ep8/A_slot6_f0021.png,1168586,a4b3fbf9f673886efaf97cd94051ee43d692250955693ce1ccf6b18dde1389c7
qstar_frames/ep8/A_slot7_f0025.png,1035397,c167d66b1a72fb0114649ef0d803d414854397585caa340698fb25d48febdc91
qstar_frames/ep8/A_slot8_f0030.png,994258,b8e14e1155bfdd5c8f797a0e0c77e84399c0fec3a904c6905790367df082fc06
qstar_frames/ep8/B_slot1_f0000.png,1239576,85a8d11bfe293175652d9862b18383911380cfa5bda40740871dd52536d7daed
qstar_frames/ep8/B_slot2_f0004.png,1289885,74e75d536dba703f5ef5ef58158df9dc5d1422254089c57618f3830620c7012c
qstar_frames/ep8/B_slot3_f0008.png,1290165,79bf6df303f3ea2a4098215baa64ab980aa956df5b98eaa89d2b262fd698ae41
qstar_frames/ep8/B_slot4_f0012.png,1231061,66d387c90abdbfcb60a998768dced942f8fc928fecfb168c2b6f442afcdc7114
qstar_frames/ep8/B_slot5_f0017.png,1207160,2006f734ac276cbe154423aa5373a866d5c9d9ff4c8a469531b59f09c8aec81a
qstar_frames/ep8/B_slot6_f0021.png,1168677,0bd6b117deec34e02489b446fcc9e2a70f40c80a4060dacde106a3d0e4100dde
qstar_frames/ep8/B_slot7_f0025.png,1035401,eaeec2fbe499aa9edd8a8dca11d665e79319d4dcf17550d15d5f63bec07dac37
qstar_frames/ep8/B_slot8_f0030.png,993994,663cb6ea4843119ba33f36fbd8cda053b382565ddbb4534e57f627c88a59608f
qstar_frames/ep8/absdiff_slot1_raw.png,168393,936480610a68008d646c4486f687f5551e02488d991a2e711cdd5ba69c3f5c08
qstar_frames/ep8/absdiff_slot1_vis.png,265955,454e1e24507565019ad420121a89eb92e4c6873071c331e4ca4b9e5452bd6a8d
qstar_frames/ep8/absdiff_slot2_raw.png,153774,a06bead48be8e089e954791310ee0f0b255785b4927fe798dd4243df4ef890d4
qstar_frames/ep8/absdiff_slot2_vis.png,261648,f796f1137a42590477a0ae4ae58f169434d4a7bc175c91c3e4fe6d0f27c3f4b7
qstar_frames/ep8/absdiff_slot3_raw.png,151406,c7819a086b6860b3a7a2f03983648eb279b8cf982828451e46632548cfd0ad4b
qstar_frames/ep8/absdiff_slot3_vis.png,260285,7303ff6bc7aabeb96e97d024762cfd70e9793792acdcbb39775c712b19ca7f1a
qstar_frames/ep8/absdiff_slot4_raw.png,159876,ba6d2a2b5a4af484b70cf9120283c6af54f7897e514d978da9d704a6a2fe60dd
qstar_frames/ep8/absdiff_slot4_vis.png,254304,313d6c6cee795dd9a58e183dfdaca97cf4db495832839c61281e69ec9ae1fec5
qstar_frames/ep8/absdiff_slot5_raw.png,161912,bc060f501a91d189af2d61fe241c6d4d2eedc797e7fde0a7aa7993a9193dfda9
qstar_frames/ep8/absdiff_slot5_vis.png,253309,5c4e2a08245c98e32d7ed2609c26fde8d3748af6904677b8870c5b9e48fa7c78
qstar_frames/ep8/absdiff_slot6_raw.png,150252,d9324dffbcefeff79eed9d7e0b7d3876eff070f826239256bcc8fc1c6b3bfb79
qstar_frames/ep8/absdiff_slot6_vis.png,254282,84233615e1aabb56f22f5144642f366f4709c2366447a4d4b3e8996d6908c1da
qstar_frames/ep8/absdiff_slot7_raw.png,137834,bd253b81dc7800d6db5ceefc47ff789750d8804a6fc5851ea098bd9cf8fad244
qstar_frames/ep8/absdiff_slot7_vis.png,245498,fde00df74f0426a698a0f7f379f6f4e63172738f7728c0e27720917dff15759d
qstar_frames/ep8/absdiff_slot8_raw.png,144198,d7142e1feebb6a9e40b902335218cbd16053aa4caaec8195378e12f1162dddd6
qstar_frames/ep8/absdiff_slot8_vis.png,254055,421bc0a0e2bde071a7d1e73877012abe631e10ef2ab471d969c0950489cace49
qstar_frames/ep92/A_slot1_f0000.png,675343,c9897bdc806ea0ea96f32f2d3eb55ab545f94dd550524adeeb9c9ee9c4f3cc57
qstar_frames/ep92/A_slot2_f0005.png,677745,6db56c5f3e14a274bdac771c9c2b0c441ceab1c7604369f587ee450a0cf44bd6
qstar_frames/ep92/A_slot3_f0010.png,737644,8d6a6989f0832054a75454c46541bc08ff04866d4bb4f963c8ec5ec1b8ac16a4
qstar_frames/ep92/A_slot4_f0015.png,682170,5b1ed74c81fdb1aae3441d75618020c38ffb14ff772bd34aa0b7e53754c9f151
qstar_frames/ep92/A_slot5_f0020.png,672898,a73a1cc15be949793b2d8b3e5153f635c5ea6296dd92ff9295ca9471592993a8
qstar_frames/ep92/A_slot6_f0025.png,814593,ec5d12e492ba59871154c8a1ce5515207768759d355f29eafcfe751ba1613464
qstar_frames/ep92/A_slot7_f0030.png,830469,763d85d7afc2936667207898425105e8e141526db4e7ae186580661c1c39e95d
qstar_frames/ep92/A_slot8_f0035.png,778376,20eb1167d65a0c3968b3aaf09fc5ec8861ed65d00ef9cfe4c17ab6b2515cd8ac
qstar_frames/ep92/B_slot1_f0000.png,675808,0e8ba2a5b7b177b1362f7613e1e117f47997f69b6f6b2166a8198603a7dfa53f
qstar_frames/ep92/B_slot2_f0005.png,677600,e503655924fdb0d588d166429e6792da138cc692ac60be1d74daf599a3ed3842
qstar_frames/ep92/B_slot3_f0010.png,736838,f510e6032acc4d4e46217d46a2ffbf4246761ee96a6faa066e9ee58ab200c3e5
qstar_frames/ep92/B_slot4_f0015.png,682316,f4d5213fa2fee0c93eca82286856b539a5d62dcc2c00652677c5d75401942232
qstar_frames/ep92/B_slot5_f0020.png,673065,d55ea7381ff3aa0107de612415c0235638cb3a46bd3f294a8b4cc7f5a16f159b
qstar_frames/ep92/B_slot6_f0025.png,814327,ce6d023f932d87d0596d002c65aab714b14b2eb825cd6e971cadb9495198180e
qstar_frames/ep92/B_slot7_f0030.png,830628,e5c6550f20a004c4eef2350ed766a15007bda42877c405642e2cbdd186015eea
qstar_frames/ep92/B_slot8_f0035.png,777865,9dc35c49217269feb0adcfef88c70411bf7c54bdca80844ed1d1b7217da9c5a9
qstar_frames/ep92/absdiff_slot1_raw.png,144198,fcb431ad7249778576ff9c3a6b308a1d1c9320d6f3ab05e633511637ea19c961
qstar_frames/ep92/absdiff_slot1_vis.png,228407,5b848774c025871c161ae7796b5d89ff023e30a67bcda59aa7e20a74b2921539
qstar_frames/ep92/absdiff_slot2_raw.png,142232,621e2d389aa6ae60a50f8cb376e9de0781faa5bdc8b3429a8306528f054c30a3
qstar_frames/ep92/absdiff_slot2_vis.png,236795,e04b0027224139039f6f16941804be6cc438eb9a1087e34ae29c63d2a46e35ab
qstar_frames/ep92/absdiff_slot3_raw.png,145824,97055d32167c449d52cde86ba8c1862cbdeaa7af549aa4df14aabcd71c0c1d53
qstar_frames/ep92/absdiff_slot3_vis.png,241503,503847b1b7d5bcdd17805c012e32ba88f0cc3c15211502260b4382d66e686e91
qstar_frames/ep92/absdiff_slot4_raw.png,138426,9dd56cc788ddb9a2428a25c3fa99caee50080845026d4c758d0086976189792c
qstar_frames/ep92/absdiff_slot4_vis.png,241282,16989341d31680e426ec57f3eed8115e5f328180d763d7f913d3546e061d4801
qstar_frames/ep92/absdiff_slot5_raw.png,130545,4c2fa0749b823165843bf152673bbed540b86db7bad54c9bf0c8e6b96afa526c
qstar_frames/ep92/absdiff_slot5_vis.png,221401,88932914c8f04e72656a917d0a27aa1a861490a7687c8406d67898f52aac2ead
qstar_frames/ep92/absdiff_slot6_raw.png,142424,5b8577c01a592b137d3674fc5961f85067b413aea438f5a071fe6f5b153e70db
qstar_frames/ep92/absdiff_slot6_vis.png,238483,1e5ce2747db766beddfa8eac56c10b3571e87ac290427aa2ef494f1c53ef3f3e
qstar_frames/ep92/absdiff_slot7_raw.png,145833,4c8bd7ffa3514c385263df4ed7b5cc4c5f5f0db202d102e8ad27eddaf45e2a30
qstar_frames/ep92/absdiff_slot7_vis.png,243608,3d1e549ce592969d94a857b223ea2b810d36706554847535c418e51d8f1e798c
qstar_frames/ep92/absdiff_slot8_raw.png,138365,f005a4006476398b628bb6c6ebbee071d2e8b572fb55952a27389f5374083ad8
qstar_frames/ep92/absdiff_slot8_vis.png,241160,0a21c69660a0071d2a4a52c9e1fb0a6a992ad6997d51c5946c06d0277ad0dc94
qstar_frames/ep99/A_slot1_f0000.png,676005,6e29bf730cf54af97b9a4732858d6e4abef5ab0fdcf42cd06d32ca7ac52df72d
qstar_frames/ep99/A_slot2_f0005.png,677575,bd87b3635954ab114de5a070386a8763815b093c4d7f717e9062e5350af1a5e9
qstar_frames/ep99/A_slot3_f0010.png,736750,061fabe8010dd5c2b0a402507322a90d1246b64599a6c2ef45f4f4ce7b72b124
qstar_frames/ep99/A_slot4_f0015.png,682143,436772953a8c02991a9903707d4169195f00a841a6dce8d6abe54c7326170397
qstar_frames/ep99/A_slot5_f0021.png,697895,7c2572e80a441d405e06a2e9e6fb9d1966f9131647a219e55aacc9bdc71ecc3f
qstar_frames/ep99/A_slot6_f0026.png,883538,f638e380fe3cee243d1def44ed07cf4a4d6382ff4fdb7be114fb57d17a397416
qstar_frames/ep99/A_slot7_f0031.png,817288,3a33e4f86c4a8e18bd43dacc342808fa2454b84e938d053a0b49ecf51bb4bbf1
qstar_frames/ep99/A_slot8_f0037.png,694735,74be3de59e20b0875a023805741ab2ae0d8d8217152cec1c641d9ca42f019d48
qstar_frames/ep99/B_slot1_f0000.png,675841,ab87f8b80ae89fea2f295e0adcb3513f60cb43eee2bd883169573b233e7ff127
qstar_frames/ep99/B_slot2_f0005.png,677122,d16c96aed741a12f7a1a48e1084347584b635f039f2153f947090a96a7195c7d
qstar_frames/ep99/B_slot3_f0010.png,737249,53188ce7a5177515d81ca1691a97c0e074530b8ed3c68ac5078f39cf0973a873
qstar_frames/ep99/B_slot4_f0015.png,681872,6865cd8fa4baadff8a13030b68122198d7561be6f7106764714bd50fd23731cc
qstar_frames/ep99/B_slot5_f0021.png,697596,4553b677e7a43a022f6750531530a769875917d8c541e2b366922179d55e586c
qstar_frames/ep99/B_slot6_f0026.png,882864,c045d01118ab157cf36ff790008c040e7c5cea8c56fe1ef924a4d2e789665c38
qstar_frames/ep99/B_slot7_f0031.png,817526,8427db9dd2effbc9c09d232b830fc508e647186327cb25d4cc6839edff238a7a
qstar_frames/ep99/B_slot8_f0037.png,694844,404ae1fe551eb445b50dbdc9dfd1a63e22155d46225680f5a6b42f2a370547bc
qstar_frames/ep99/absdiff_slot1_raw.png,145927,a18b500ec34f4d4340de4218a68e9ea012a30de5c27dfd3aa3b755934ebe6727
qstar_frames/ep99/absdiff_slot1_vis.png,235380,2f7af9051a848fd6dbc58ba1e62b70a25337fba222855cd2126164ff8a715632
qstar_frames/ep99/absdiff_slot2_raw.png,142242,2b191ee5798acc332b91c992ab441164ab8524eefbffa3714a6cbc1c758a692e
qstar_frames/ep99/absdiff_slot2_vis.png,240844,c574cb4297d52a2775144919d2bc88c661294d0bedeb38b43b1bd461dfccc213
qstar_frames/ep99/absdiff_slot3_raw.png,151743,1a6c456f82b36caf79b3f5b8e00c2c35c8d3c7c2382bf82d70b3397627e4fc0f
qstar_frames/ep99/absdiff_slot3_vis.png,240919,ced44e3eb6620d9f4dad3504477823282dee8cbdb5693c41cc1cdb2775fe8560
qstar_frames/ep99/absdiff_slot4_raw.png,137422,1671e8fdc9ff8ed71cb16b09ba92e9bfd4d28f0e0e087b303ae4ec393fb5b989
qstar_frames/ep99/absdiff_slot4_vis.png,240769,f20d271be53804785c6fb3c7b1f200288e72559660cb1b92c6bb0a9dfbace647
qstar_frames/ep99/absdiff_slot5_raw.png,132516,94f0c84b606fd9c2b9e570ca1b75a203780b8099ab544b0aa21e6f1298730c64
qstar_frames/ep99/absdiff_slot5_vis.png,231460,e144547be588584bc1946b82949b5b51d580543bf4bec652a0236efedfa5b62c
qstar_frames/ep99/absdiff_slot6_raw.png,153607,6ba30e08f9093358818e1f7cfb1a11f85fc089be8815582bd2690d4e2ddd4a08
qstar_frames/ep99/absdiff_slot6_vis.png,247167,6216103a4fb91d4c5b49a533aafb63a90f7eb868547b7f6aa84e94c0bb25daba
qstar_frames/ep99/absdiff_slot7_raw.png,141911,db436adb86d885b65587a41084e3f9aea46481060749a5e97b599f391f2f4b0d
qstar_frames/ep99/absdiff_slot7_vis.png,240284,2a8a24b5caa6625454d797a8626c956cfb924fc2e9a5263830984bafb7324716
qstar_frames/ep99/absdiff_slot8_raw.png,133832,c7c175f75e3cd5323a0ddec656ac7db08664a06e2812e4ccbb3b76c3f80b0f7e
qstar_frames/ep99/absdiff_slot8_vis.png,236499,d6c6d399ff5710a346fa68fdc72e7e7c79bd120af5f9aa24811196aa6415f0f0
